,age,gender,country,education,experience_prog,experience_ml,industry,company_size_g,team_size_g,role_group,programming_lang_c,salary_avg
10,4,0,10,4,4,4,1,1,0,0,4,12500.0
11,7,0,14,2,5,1,8,2,0,2,2,2500.0
17,2,1,6,3,2,0,0,0,0,1,2,27500.0
24,2,0,5,3,1,0,8,0,0,3,2,35000.0
38,0,0,0,2,2,0,0,0,3,1,2,500.0
40,5,0,0,4,1,1,2,0,1,1,4,500.0
44,5,0,1,3,5,0,7,2,0,3,2,55000.0
48,5,0,4,4,2,2,5,0,0,0,3,3500.0
62,5,0,5,3,5,3,16,0,3,1,4,45000.0
71,6,0,6,3,1,1,10,2,2,3,1,55000.0
77,3,0,6,3,5,5,4,1,2,0,2,35000.0
82,3,0,12,4,3,0,1,2,3,0,2,55000.0
91,5,0,1,2,4,2,16,2,2,1,3,85000.0
102,6,0,18,3,3,0,10,2,0,2,3,137500.0
118,3,1,12,4,3,4,13,1,1,0,2,65000.0
120,5,0,0,2,1,0,12,0,0,2,1,27500.0
126,1,0,4,3,2,1,5,2,2,0,1,12500.0
128,4,1,11,4,4,4,1,2,0,0,1,65000.0
135,6,0,9,0,0,0,3,2,0,3,1,12500.0
146,4,0,4,3,0,0,8,2,0,0,1,65000.0
147,2,0,2,3,3,1,3,2,2,1,2,35000.0
148,1,0,8,4,2,3,3,0,0,2,4,500.0
157,3,0,17,4,4,5,9,1,0,0,3,112500.0
162,6,0,3,3,4,0,6,2,1,2,3,112500.0
176,2,2,3,4,2,3,1,2,2,0,4,55000.0
179,3,0,1,2,4,2,0,2,2,1,1,75000.0
189,4,0,12,4,3,2,1,0,0,0,3,4500.0
193,6,0,0,3,2,1,0,0,0,2,2,500.0
196,2,1,5,3,1,0,1,2,0,2,3,1500.0
198,7,0,9,4,4,1,0,1,0,0,4,27500.0
200,8,0,7,4,5,7,3,1,0,0,3,75000.0
229,7,0,2,2,1,1,7,1,0,2,1,65000.0
231,4,0,10,4,4,5,12,1,0,0,3,17500.0
232,5,0,8,3,5,0,2,0,0,1,6,500.0
236,2,0,0,3,1,0,8,2,3,0,2,17500.0
242,3,0,0,2,3,2,2,1,0,1,6,22500.0
250,3,1,5,2,0,0,2,0,0,2,5,1500.0
272,3,1,1,2,0,0,14,1,0,2,2,22500.0
277,2,0,18,3,3,3,8,2,0,0,3,95000.0
290,1,0,0,3,1,0,1,2,0,1,3,3500.0
291,8,0,12,4,5,1,8,0,0,2,1,75000.0
293,3,1,5,3,3,0,0,1,0,1,4,2500.0
303,7,0,1,4,5,1,8,2,0,0,2,275000.0
304,6,0,5,4,4,2,6,2,0,0,3,45000.0
312,2,0,0,4,2,3,0,1,0,0,2,4500.0
315,9,0,5,2,3,1,6,2,0,2,4,45000.0
316,2,0,3,3,2,4,0,2,1,0,6,85000.0
325,1,0,3,2,1,0,1,0,0,1,2,500.0
327,3,0,5,4,2,0,8,2,0,1,1,35000.0
334,0,0,1,4,3,3,1,2,2,0,6,17500.0
346,9,0,0,4,1,3,10,1,0,0,3,1500.0
358,3,1,1,4,3,2,1,2,2,0,1,17500.0
366,3,0,0,3,2,0,1,2,1,2,1,17500.0
384,1,0,2,3,3,2,0,2,1,0,3,27500.0
386,5,0,1,1,1,0,12,2,0,2,2,45000.0
394,3,0,0,3,2,0,12,2,3,2,2,35000.0
396,1,0,2,2,2,3,11,1,0,1,2,27500.0
407,5,0,14,2,5,3,1,2,0,2,4,2500.0
409,9,0,4,3,5,7,9,2,0,0,3,85000.0
411,4,0,3,3,3,5,0,0,0,0,3,112500.0
413,4,0,2,3,3,5,3,0,2,3,4,75000.0
426,6,0,2,3,3,5,2,2,2,0,2,112500.0
436,3,0,4,3,1,1,13,0,0,2,4,27500.0
443,5,0,9,4,5,6,2,0,0,0,1,22500.0
448,5,0,0,3,2,3,0,2,1,1,6,8750.0
456,2,0,0,3,1,1,0,2,3,0,1,12500.0
457,2,0,0,0,3,0,14,2,0,2,2,22500.0
461,8,0,5,1,5,1,5,2,3,2,4,65000.0
470,5,0,0,3,5,5,8,0,0,2,5,112500.0
473,6,0,10,2,0,0,4,2,3,2,3,17500.0
483,6,0,5,3,4,4,6,2,0,2,3,65000.0
490,4,0,3,2,4,0,7,2,0,1,5,85000.0
492,4,1,3,3,1,0,7,1,0,2,1,45000.0
499,7,0,2,3,5,4,2,0,0,0,3,500.0
501,3,0,4,4,3,0,0,0,0,3,2,45000.0
508,9,1,1,3,5,2,16,2,0,0,3,75000.0
509,3,0,7,2,2,3,9,1,0,0,2,65000.0
510,2,1,15,3,1,0,9,2,2,1,2,1500.0
511,3,1,1,3,1,0,0,2,2,2,2,137500.0
518,0,0,0,3,0,1,11,2,3,1,2,500.0
524,5,0,4,3,2,1,1,2,3,3,1,2500.0
532,8,0,2,3,5,5,10,2,0,1,4,55000.0
543,2,0,17,2,2,0,0,0,3,1,3,2500.0
551,3,1,0,3,2,4,7,2,2,2,2,45000.0
559,2,0,0,3,3,1,4,0,1,1,2,22500.0
561,1,1,8,3,2,2,12,1,0,1,2,22500.0
569,6,0,11,4,0,0,3,0,0,3,3,22500.0
571,2,0,4,4,3,5,0,1,0,1,3,75000.0
578,6,0,2,4,5,7,1,2,1,0,2,55000.0
579,2,0,11,2,3,0,6,2,3,1,4,35000.0
584,4,0,3,3,5,0,12,2,0,2,2,55000.0
588,4,0,5,4,3,3,8,2,2,0,3,35000.0
590,4,1,3,4,1,1,3,2,3,3,1,65000.0
598,4,1,4,4,1,2,3,2,0,0,4,95000.0
601,1,0,1,3,2,1,10,2,2,3,4,45000.0
602,7,0,9,4,4,5,6,2,0,0,4,55000.0
604,5,0,0,3,5,6,1,2,2,0,3,1500.0
623,1,0,1,2,3,4,2,2,2,1,2,65000.0
624,5,1,4,4,5,6,0,2,1,1,1,65000.0
627,3,1,7,2,3,4,6,2,0,0,3,65000.0
630,1,0,0,3,3,2,4,2,2,1,1,12500.0
640,3,0,3,3,4,2,9,2,2,0,4,85000.0
641,2,1,3,2,1,0,3,2,0,2,2,55000.0
655,4,0,0,3,0,0,5,2,0,2,1,17500.0
659,3,0,3,3,1,1,8,0,1,0,4,65000.0
663,1,0,10,3,2,3,7,1,0,1,2,27500.0
666,4,1,2,4,4,3,0,0,0,0,1,45000.0
668,7,0,14,3,5,3,0,0,3,1,3,500.0
683,9,2,7,3,5,4,0,2,2,0,1,85000.0
685,7,0,2,3,4,0,3,2,3,2,2,65000.0
686,5,0,2,3,4,0,4,2,0,0,5,55000.0
688,4,0,1,4,3,2,15,0,0,0,1,95000.0
691,9,2,3,3,5,0,0,0,3,1,4,112500.0
695,2,0,0,3,4,4,0,1,0,1,4,95000.0
711,6,0,6,3,5,1,0,2,0,1,4,95000.0
712,2,0,3,3,2,4,5,1,0,0,4,65000.0
714,5,0,3,3,0,0,5,2,0,2,1,8750.0
721,3,1,7,4,0,0,1,2,0,0,2,35000.0
722,7,0,5,2,5,0,5,2,0,2,2,55000.0
725,1,0,6,3,2,2,7,1,1,0,3,45000.0
735,3,0,9,4,3,4,0,1,0,1,4,65000.0
744,8,0,1,4,5,6,3,0,0,0,3,95000.0
746,8,0,3,4,5,3,0,0,0,1,4,95000.0
747,1,0,6,2,1,0,2,2,3,1,1,45000.0
749,3,1,3,3,3,0,12,2,0,2,1,65000.0
757,8,0,7,3,5,7,0,2,0,0,1,112500.0
766,5,0,2,4,3,5,1,0,0,0,4,65000.0
770,3,1,0,3,3,0,0,0,0,2,2,8750.0
771,7,0,1,1,5,0,9,2,0,2,3,45000.0
775,3,0,4,3,3,4,10,2,2,2,3,112500.0
778,9,0,2,3,5,7,7,2,2,3,4,112500.0
780,8,0,5,4,5,4,1,2,2,0,5,112500.0
785,1,1,4,3,2,2,10,2,2,0,1,75000.0
791,6,0,2,2,3,1,6,2,2,2,3,65000.0
795,0,0,0,2,2,2,0,0,0,1,1,500.0
801,2,0,4,3,2,2,5,2,0,2,1,112500.0
802,3,0,18,4,3,4,13,0,0,0,1,12500.0
805,3,0,12,0,1,0,12,2,0,3,3,55000.0
811,7,0,11,4,0,0,6,2,0,3,1,112500.0
817,3,0,18,2,4,2,12,2,0,1,4,55000.0
818,3,0,3,3,3,4,0,2,2,0,3,35000.0
822,4,0,8,2,4,0,1,1,2,1,1,1500.0
823,3,0,1,3,0,0,12,2,2,2,2,35000.0
831,2,0,2,3,3,4,7,2,0,0,2,65000.0
834,2,0,14,3,3,1,3,0,0,0,4,27500.0
838,1,0,10,3,3,1,8,0,0,1,2,17500.0
840,1,0,1,2,2,1,9,2,0,0,2,35000.0
841,1,0,14,3,1,1,1,0,0,1,4,500.0
854,4,0,3,2,1,1,5,2,2,3,1,95000.0
858,3,0,4,4,2,0,1,2,2,0,1,17500.0
870,9,0,4,3,1,2,13,2,0,0,2,85000.0
876,6,0,13,3,5,5,7,1,0,3,5,225000.0
885,5,0,3,3,3,3,7,0,0,0,3,85000.0
886,6,0,2,2,1,3,17,0,0,1,3,137500.0
894,8,0,2,3,5,3,6,2,2,0,1,55000.0
895,1,0,0,3,1,0,16,2,0,1,2,12500.0
904,2,0,0,3,3,3,17,2,0,1,4,45000.0
907,8,0,3,4,5,5,0,2,0,1,4,35000.0
912,7,0,3,4,4,6,6,2,0,0,3,65000.0
930,2,0,1,3,2,1,3,2,2,0,2,55000.0
932,6,0,0,3,5,5,9,2,0,2,3,112500.0
933,2,0,2,3,2,1,11,2,0,0,1,45000.0
937,2,0,3,4,3,4,15,0,1,0,2,112500.0
938,6,0,12,3,5,4,5,2,0,0,4,112500.0
942,2,0,2,4,3,5,1,0,0,0,3,22500.0
946,4,0,17,4,0,0,0,0,0,0,1,75000.0
949,6,0,2,2,3,0,5,1,0,1,2,45000.0
956,6,0,0,3,5,1,3,2,2,2,1,55000.0
957,1,0,1,2,1,1,4,2,2,2,1,45000.0
992,5,0,0,4,4,1,1,2,2,2,6,1500.0
994,2,0,2,3,2,1,10,2,0,0,2,35000.0
996,0,1,15,3,3,0,0,2,2,1,5,2500.0
997,7,0,2,3,5,1,4,0,3,1,2,45000.0
1002,2,0,7,3,2,2,10,2,2,0,3,65000.0
1007,5,0,7,2,4,3,6,1,0,0,1,75000.0
1022,3,0,0,1,4,0,0,0,3,1,4,45000.0
1032,5,0,4,3,0,0,12,0,0,2,3,500.0
1036,8,0,7,4,5,7,2,2,0,0,4,112500.0
1037,4,0,4,4,3,5,1,2,2,0,2,27500.0
1045,7,0,5,2,4,2,11,2,0,1,4,35000.0
1050,4,0,4,4,5,0,0,2,2,2,1,35000.0
1052,4,0,6,3,4,4,0,2,2,1,5,112500.0
1061,3,0,4,3,1,0,8,2,0,3,2,27500.0
1062,4,0,4,3,4,0,0,2,0,2,3,55000.0
1064,2,0,0,2,2,1,4,1,0,0,3,500.0
1066,6,1,1,4,0,0,1,0,0,0,3,27500.0
1083,1,0,11,3,3,2,0,2,2,1,3,45000.0
1084,7,0,1,3,3,1,0,2,1,0,2,137500.0
1095,5,0,2,1,4,0,0,0,0,1,4,65000.0
1097,6,0,2,4,4,6,11,2,0,2,3,55000.0
1098,6,0,17,4,5,6,0,2,1,2,2,137500.0
1101,6,0,2,3,4,2,9,2,0,2,4,45000.0
1113,2,0,3,3,1,0,11,2,0,0,2,55000.0
1123,2,0,2,1,2,2,9,2,1,2,2,27500.0
1125,3,0,5,4,2,3,0,0,0,1,2,45000.0
1127,7,0,0,3,0,1,0,2,2,2,2,12500.0
1129,6,0,3,0,5,7,1,2,0,1,2,2500.0
1131,1,0,6,3,0,0,2,2,2,2,1,12500.0
1138,3,0,3,2,2,2,2,2,2,0,4,85000.0
1147,4,0,0,3,4,1,2,2,2,2,3,137500.0
1157,4,0,5,3,4,5,0,2,0,1,2,55000.0
1164,4,0,13,2,1,6,3,2,0,2,5,112500.0
1171,8,0,3,4,2,5,3,0,0,0,2,112500.0
1174,2,0,2,3,2,2,1,0,0,1,7,75000.0
1175,5,0,3,4,5,2,13,1,0,1,4,65000.0
1187,3,1,11,4,0,0,1,2,2,0,3,45000.0
1203,6,0,2,3,3,0,1,0,3,1,4,1500.0
1216,4,0,2,3,4,5,11,2,0,0,3,65000.0
1217,8,0,5,0,4,0,2,0,3,3,4,500.0
1221,1,1,0,3,0,0,13,2,1,2,3,1500.0
1232,4,0,0,3,2,4,2,2,2,2,2,175000.0
1237,6,0,1,3,5,7,11,2,0,0,3,137500.0
1239,2,0,0,3,2,2,2,2,2,0,3,35000.0
1268,2,0,5,3,1,1,2,0,0,0,1,1500.0
1270,4,0,2,4,4,5,1,2,2,0,3,1500.0
1285,5,0,11,4,1,3,1,1,0,1,2,45000.0
1286,1,0,0,3,1,0,1,0,0,0,2,500.0
1295,6,0,2,3,1,3,0,1,1,0,1,55000.0
1296,5,0,13,5,4,5,4,2,2,2,2,175000.0
1302,3,0,4,3,1,0,0,2,2,0,4,35000.0
1306,0,0,0,3,1,1,0,2,2,1,1,85000.0
1308,5,0,0,0,1,0,9,2,3,3,3,22500.0
1315,7,0,3,2,5,0,7,0,3,1,2,112500.0
1319,3,0,18,2,3,0,0,2,0,1,5,85000.0
1321,2,0,2,4,1,2,1,0,0,0,3,17500.0
1330,9,0,9,1,5,5,0,0,0,3,5,65000.0
1333,3,0,1,2,0,0,0,2,2,1,1,85000.0
1334,6,0,13,3,5,0,2,2,2,2,1,225000.0
1337,4,0,0,2,4,0,11,0,0,1,4,17500.0
1349,3,0,6,2,3,4,0,1,2,0,3,65000.0
1352,3,0,4,3,2,1,5,2,0,2,3,55000.0
1354,4,0,0,4,3,0,1,2,0,1,4,8750.0
1355,1,0,0,2,0,0,13,1,0,0,1,95000.0
1365,3,0,0,3,2,5,2,2,2,1,1,45000.0
1381,1,1,15,3,3,0,0,0,3,1,2,1500.0
1382,9,0,5,3,5,7,1,0,0,0,3,500.0
1396,5,0,5,0,5,2,0,0,3,1,3,35000.0
1398,2,0,1,3,2,1,10,2,0,2,3,55000.0
1401,1,2,2,3,2,2,13,1,0,0,7,27500.0
1416,6,0,1,2,5,3,9,2,1,2,3,55000.0
1428,6,0,1,3,3,0,2,1,3,3,2,112500.0
1432,3,0,3,2,2,3,7,2,0,1,5,65000.0
1448,1,0,6,3,1,0,5,2,0,2,1,17500.0
1449,7,0,2,3,5,5,15,1,3,3,4,55000.0
1450,3,0,6,3,4,3,7,2,2,1,3,137500.0
1452,0,0,0,2,0,1,1,0,0,0,4,500.0
1462,9,0,3,3,5,1,11,0,3,1,3,3500.0
1472,3,0,7,3,3,4,9,2,0,0,1,75000.0
1475,4,1,1,3,3,1,0,2,2,1,1,85000.0
1486,1,0,0,5,1,0,5,0,0,3,1,4500.0
1488,0,0,6,0,1,0,17,0,3,1,2,500.0
1489,3,0,4,3,4,1,4,1,0,2,1,35000.0
1491,1,0,17,3,1,1,2,0,0,0,1,17500.0
1492,1,0,19,3,1,1,0,2,1,1,2,12500.0
1493,4,0,13,3,3,3,12,2,0,0,4,95000.0
1503,3,0,0,4,2,4,13,1,0,0,3,27500.0
1504,2,0,5,1,2,0,12,1,3,1,3,27500.0
1508,4,0,6,3,4,1,2,1,0,1,3,22500.0
1513,4,0,7,4,5,4,4,0,0,0,1,65000.0
1517,4,0,9,3,5,1,0,0,0,1,4,45000.0
1518,5,0,12,3,1,0,1,2,1,0,2,3500.0
1521,6,0,8,4,5,1,11,0,0,2,3,22500.0
1523,3,0,14,4,2,2,0,2,0,0,4,75000.0
1529,3,0,4,5,2,2,4,0,3,3,1,112500.0
1536,1,0,2,1,2,3,2,2,2,0,3,12500.0
1537,5,0,8,3,3,6,1,2,0,0,1,3500.0
1551,6,0,11,3,4,1,12,0,0,1,5,65000.0
1564,2,0,19,2,0,0,8,2,0,3,2,12500.0
1566,3,0,15,4,3,5,0,1,0,1,2,55000.0
1577,2,0,7,3,3,5,2,2,2,2,2,55000.0
1582,3,0,3,3,3,5,4,1,3,1,3,75000.0
1589,2,0,0,3,0,0,15,2,0,2,4,27500.0
1594,3,0,1,3,1,5,0,2,1,0,4,85000.0
1596,2,0,6,3,3,2,9,2,2,0,2,65000.0
1597,2,1,6,3,0,0,7,0,0,2,1,500.0
1600,3,0,2,4,1,2,1,2,0,0,2,22500.0
1606,2,0,16,3,4,4,14,2,1,0,3,27500.0
1614,6,0,0,0,0,0,1,0,0,0,2,500.0
1626,7,0,0,3,1,2,4,0,0,2,4,8750.0
1629,5,0,2,3,4,6,2,2,0,2,3,22500.0
1634,8,0,5,3,5,5,0,2,2,1,2,112500.0
1636,6,0,1,3,4,4,9,2,2,0,2,85000.0
1641,8,0,5,0,2,3,0,2,2,2,1,35000.0
1643,6,0,9,3,4,2,0,2,0,2,2,65000.0
1647,5,1,16,4,4,1,0,2,0,0,2,27500.0
1650,6,0,8,3,5,6,2,0,0,1,5,95000.0
1654,5,0,4,3,1,0,2,2,3,3,1,55000.0
1665,1,1,16,3,1,0,9,2,0,1,2,22500.0
1669,7,0,7,0,3,5,4,0,0,1,4,45000.0
1672,6,0,4,4,2,0,1,2,0,3,3,65000.0
1673,4,0,9,4,3,5,0,2,2,2,1,75000.0
1674,0,0,0,1,2,1,1,0,0,1,3,500.0
1685,2,0,3,4,2,0,1,1,3,0,3,22500.0
1686,2,0,5,3,3,2,3,2,2,0,1,35000.0
1693,3,0,13,3,3,5,3,2,0,0,1,112500.0
1694,5,0,14,2,5,3,1,2,0,1,3,2500.0
1699,3,0,12,3,4,5,1,2,2,3,1,27500.0
1700,7,0,13,3,5,4,3,1,0,2,5,225000.0
1703,3,0,8,3,3,0,4,0,0,1,2,2500.0
1708,5,0,16,3,4,3,13,2,2,1,3,75000.0
1724,4,0,3,3,1,0,0,2,0,2,1,137500.0
1729,6,0,2,3,5,1,0,0,0,1,3,55000.0
1730,2,2,6,3,2,0,13,2,3,2,2,1500.0
1733,2,0,5,4,2,2,13,0,0,0,2,27500.0
1735,2,0,19,3,1,2,2,2,0,0,2,6250.0
1736,6,0,4,4,5,5,0,2,2,0,3,175000.0
1740,8,0,1,2,5,0,5,1,0,1,3,65000.0
1743,2,0,0,3,0,0,1,2,0,0,1,12500.0
1745,3,0,1,3,1,0,5,1,0,2,2,12500.0
1758,1,0,15,2,2,0,11,2,2,2,3,27500.0
1767,2,0,11,3,2,2,12,0,0,1,3,45000.0
1769,5,0,3,3,4,6,4,1,1,2,4,112500.0
1775,6,0,5,1,5,5,0,0,0,0,1,35000.0
1778,5,0,4,3,4,0,8,0,0,0,3,1500.0
1779,2,0,6,3,1,0,2,2,2,2,3,12500.0
1785,6,0,1,2,5,0,2,2,3,3,2,112500.0
1793,2,0,7,3,1,0,3,0,0,3,1,45000.0
1794,5,0,3,4,1,5,6,2,2,3,1,65000.0
1805,3,0,16,3,3,5,0,0,0,1,2,45000.0
1827,5,0,1,3,1,3,10,2,2,0,2,75000.0
1829,4,0,12,4,4,2,4,0,0,3,3,75000.0
1843,5,0,3,3,4,1,0,2,2,2,2,85000.0
1847,1,0,15,2,1,1,3,2,2,1,2,17500.0
1850,4,0,1,3,4,6,6,2,2,0,1,175000.0
1854,2,1,9,3,2,1,1,0,3,1,1,500.0
1855,7,0,1,3,5,1,6,0,0,2,3,55000.0
1857,3,0,0,3,0,0,8,2,2,1,2,12500.0
1865,0,0,0,3,2,0,4,0,0,0,5,500.0
1866,3,1,3,3,4,0,6,1,0,2,2,65000.0
1868,4,1,2,3,3,5,3,2,2,0,3,65000.0
1872,4,0,1,3,3,1,2,1,0,1,3,75000.0
1879,1,0,1,2,2,2,0,1,2,3,2,85000.0
1885,4,1,3,3,3,2,6,2,1,1,2,112500.0
1886,3,0,12,4,3,3,1,1,0,0,4,35000.0
1888,5,0,1,2,2,3,10,2,2,0,2,112500.0
1889,2,0,9,4,3,4,0,2,2,0,1,12500.0
1898,5,0,5,4,4,5,3,2,2,0,3,45000.0
1903,2,0,7,3,1,1,12,2,2,2,2,65000.0
1912,3,0,0,3,3,1,12,2,0,1,4,27500.0
1914,5,0,3,3,4,0,0,2,0,1,3,112500.0
1922,0,0,19,2,1,0,0,2,1,1,2,6250.0
1938,3,0,2,3,1,0,8,1,3,3,1,35000.0
1949,3,0,7,4,4,3,2,2,2,0,2,75000.0
1952,2,0,5,3,1,1,1,1,0,0,2,1500.0
1953,1,0,8,3,1,0,1,0,0,1,3,2500.0
1973,4,0,0,4,4,2,0,0,0,1,4,35000.0
1984,3,1,8,3,3,3,6,1,0,1,2,3500.0
1994,6,0,4,4,5,6,4,0,0,0,2,45000.0
2017,5,0,11,3,4,5,4,2,2,0,2,175000.0
2029,3,0,3,3,3,0,1,2,1,0,1,65000.0
2035,5,1,3,4,2,0,0,0,3,1,2,55000.0
2038,2,0,5,3,2,2,5,0,0,0,2,1500.0
2053,4,0,12,3,3,3,11,2,0,1,1,35000.0
2058,2,0,3,3,1,1,9,1,0,2,2,3500.0
2059,2,2,1,3,3,5,15,2,0,0,5,112500.0
2064,5,0,5,4,5,2,1,2,0,0,2,35000.0
2065,4,0,4,3,4,5,8,2,0,1,4,85000.0
2067,1,0,1,3,2,0,6,2,1,0,3,45000.0
2077,6,0,7,4,3,5,12,2,0,0,3,137500.0
2078,7,0,1,3,5,4,0,0,0,1,4,137500.0
2085,8,0,3,4,5,5,8,2,0,0,2,137500.0
2090,2,0,3,2,2,2,0,0,0,1,2,55000.0
2092,5,0,5,4,4,6,1,2,2,0,2,35000.0
2094,3,0,2,2,4,5,13,2,0,0,4,55000.0
2100,6,0,5,1,3,1,13,2,2,2,5,95000.0
2103,6,0,6,3,5,3,11,2,3,1,4,55000.0
2121,3,0,3,4,3,5,9,2,2,0,1,112500.0
2124,4,1,10,3,0,0,2,2,1,2,1,27500.0
2129,5,0,11,3,4,1,5,2,3,1,3,85000.0
2132,2,0,16,3,2,0,6,1,1,1,3,35000.0
2141,7,2,5,3,5,2,13,0,0,1,5,500.0
2145,3,0,15,3,2,2,2,1,0,0,2,45000.0
2157,1,0,0,2,2,0,8,2,0,0,1,12500.0
2158,4,0,3,3,0,0,4,0,0,2,1,500.0
2162,2,0,2,2,1,0,8,2,0,2,2,45000.0
2170,1,0,2,3,2,1,1,2,2,1,2,17500.0
2175,3,0,19,3,0,0,5,1,3,0,1,500.0
2181,3,0,3,4,4,2,1,0,0,2,3,95000.0
2187,2,0,5,2,0,0,7,0,0,2,2,22500.0
2188,2,0,3,3,2,2,4,2,2,0,4,12500.0
2192,1,0,0,2,0,0,2,2,2,2,2,12500.0
2197,5,2,7,3,5,7,3,2,2,0,3,95000.0
2198,3,0,9,4,2,4,1,1,0,0,3,45000.0
2202,3,0,2,2,1,1,8,0,0,1,2,27500.0
2208,3,0,4,3,3,2,0,2,2,1,2,55000.0
2210,9,0,1,2,5,0,12,0,3,1,2,27500.0
2211,2,1,6,4,0,1,1,2,2,0,2,2500.0
2246,3,0,4,4,3,3,4,2,0,0,3,75000.0
2253,3,0,0,3,1,0,8,1,3,3,1,12500.0
2254,5,0,13,2,5,5,2,2,2,3,3,175000.0
2255,0,0,0,2,1,1,0,0,0,0,6,500.0
2271,2,1,0,2,2,3,11,1,0,0,1,35000.0
2274,6,0,6,3,5,1,0,2,2,2,3,95000.0
2277,3,0,0,3,1,1,0,0,0,0,3,35000.0
2282,1,0,8,3,2,1,5,0,3,1,4,6250.0
2285,1,0,1,3,2,0,1,2,2,1,2,500.0
2291,2,0,1,3,1,2,10,0,0,0,2,55000.0
2295,3,0,14,3,4,4,0,2,0,0,2,75000.0
2299,5,0,1,4,1,1,1,2,0,1,1,55000.0
2321,3,1,12,3,2,2,0,1,0,1,3,55000.0
2327,0,0,0,2,1,1,6,0,0,0,1,500.0
2331,7,0,3,3,0,0,0,2,2,2,1,65000.0
2338,2,0,2,3,0,0,0,2,2,0,4,27500.0
2341,5,0,3,3,1,0,2,1,3,2,1,85000.0
2348,4,0,8,3,4,0,2,0,3,1,2,22500.0
2354,8,0,13,3,4,0,9,0,1,2,5,112500.0
2357,9,0,1,3,0,5,9,0,0,2,2,12500.0
2360,1,0,6,2,2,0,10,1,0,1,4,27500.0
2363,3,0,3,2,1,1,7,0,0,0,1,1500.0
2369,7,0,2,0,0,0,1,0,0,2,1,2500.0
2377,0,0,1,3,1,0,8,2,3,1,3,35000.0
2380,2,0,2,2,3,3,2,0,0,1,2,27500.0
2392,1,1,1,2,1,0,1,2,0,1,5,4500.0
2394,3,0,1,2,0,0,0,2,0,2,3,27500.0
2404,2,0,0,3,1,1,3,1,3,3,2,2500.0
2413,8,0,3,4,4,4,8,2,0,0,2,175000.0
2415,5,0,2,4,0,0,1,2,0,0,2,22500.0
2419,4,0,9,3,4,1,1,2,3,0,4,27500.0
2427,5,0,0,3,1,2,10,1,0,0,2,65000.0
2432,3,0,6,3,4,5,12,1,0,0,4,35000.0
2439,7,0,1,3,5,2,1,0,0,3,5,500.0
2445,3,0,4,3,1,1,13,0,0,2,4,35000.0
2452,2,0,1,2,2,1,1,2,0,0,3,75000.0
2453,2,0,2,3,2,3,0,0,0,1,1,22500.0
2455,2,0,6,3,3,1,12,2,0,1,4,65000.0
2460,4,1,13,4,4,4,1,0,3,0,1,27500.0
2462,4,0,14,3,2,2,16,2,0,1,2,35000.0
2468,6,0,2,2,5,2,0,2,2,2,6,65000.0
2469,7,0,2,3,5,4,15,2,3,3,4,55000.0
2471,6,0,3,3,4,1,5,2,0,2,1,112500.0
2473,3,1,8,3,2,3,0,1,0,3,3,4500.0
2475,9,0,18,3,5,2,1,0,0,0,2,6250.0
2489,3,1,4,3,1,0,2,2,0,0,2,500.0
2498,8,0,2,4,5,5,1,2,1,0,3,85000.0
2499,7,0,7,3,5,3,8,2,0,1,4,137500.0
2507,6,1,10,3,4,5,10,0,0,0,5,175000.0
2511,3,1,3,4,4,6,1,2,2,0,3,75000.0
2514,0,0,2,1,1,0,0,0,0,1,2,8750.0
2524,1,0,4,3,1,2,4,0,3,1,1,45000.0
2525,2,1,3,3,0,0,2,2,1,2,2,55000.0
2526,9,0,0,4,5,5,1,0,0,2,3,1500.0
2527,3,0,0,3,4,0,1,2,0,2,4,27500.0
2537,6,0,5,2,3,3,8,2,3,2,1,65000.0
2548,2,1,3,3,2,1,2,2,2,2,3,45000.0
2551,2,1,9,3,3,4,0,1,1,1,3,65000.0
2562,1,0,3,3,1,2,0,2,0,0,1,65000.0
2564,5,0,0,1,0,0,2,1,3,2,3,17500.0
2569,7,0,3,3,4,1,10,0,3,2,3,225000.0
2572,5,0,8,3,5,6,3,1,0,0,1,4500.0
2575,4,1,9,3,4,3,0,2,2,1,2,17500.0
2586,5,0,0,4,2,4,7,0,0,0,1,35000.0
2589,5,0,0,3,1,1,1,0,0,0,2,3500.0
2599,6,1,3,3,0,0,0,2,3,2,2,27500.0
2600,1,0,0,3,1,1,0,2,0,1,3,1500.0
2603,7,0,3,0,4,1,17,0,0,1,2,45000.0
2607,2,0,1,3,2,1,2,0,0,0,4,27500.0
2613,2,0,4,3,2,0,4,2,2,0,1,85000.0
2617,2,0,6,2,2,1,0,2,2,0,2,45000.0
2621,1,0,0,3,2,0,15,2,0,0,2,8750.0
2626,3,0,7,3,1,0,2,2,1,1,3,55000.0
2629,3,0,5,4,3,4,6,1,0,0,4,27500.0
2635,1,0,10,2,1,0,1,0,3,1,4,500.0
2637,7,1,1,3,5,2,0,1,0,3,1,175000.0
2643,7,0,5,3,4,2,11,2,1,3,5,65000.0
2644,6,0,5,4,5,1,0,0,3,1,3,500.0
2658,4,0,5,4,4,4,1,2,0,0,1,22500.0
2664,4,0,1,3,4,5,0,1,0,0,6,85000.0
2667,6,0,11,2,4,1,12,0,3,1,4,75000.0
2675,2,0,5,3,1,1,8,2,1,0,2,45000.0
2690,2,0,8,3,2,3,15,0,0,1,3,2500.0
2691,3,0,1,1,3,3,14,2,2,1,3,95000.0
2702,1,0,2,3,2,0,15,2,2,1,1,27500.0
2715,7,0,15,4,5,4,0,2,2,0,7,95000.0
2729,5,0,2,4,4,6,11,2,0,0,1,75000.0
2731,7,0,6,3,5,1,1,0,0,0,4,45000.0
2734,2,0,10,2,1,0,9,0,0,2,5,6250.0
2741,0,1,0,2,0,0,4,2,1,2,1,6250.0
2745,9,0,1,4,3,2,1,2,0,0,1,65000.0
2758,3,0,4,3,3,5,0,0,0,0,3,75000.0
2767,4,0,3,3,2,0,8,2,0,3,2,35000.0
2776,3,0,0,2,3,3,0,0,0,1,4,55000.0
2778,3,0,2,4,3,5,5,2,1,0,1,45000.0
2781,5,0,0,3,4,0,2,1,0,1,5,2500.0
2787,4,0,0,4,4,1,0,1,0,1,2,1500.0
2792,3,0,7,4,4,5,7,2,2,0,4,275000.0
2796,4,0,2,3,0,0,3,2,3,3,1,27500.0
2797,3,0,1,4,2,3,4,2,2,0,2,85000.0
2804,2,0,3,2,0,0,5,2,2,1,3,55000.0
2809,4,1,1,3,2,4,2,2,1,0,3,65000.0
2815,5,0,0,1,3,1,9,1,0,1,3,27500.0
2830,5,0,3,4,4,5,4,2,2,2,3,112500.0
2832,3,0,4,4,3,1,2,0,0,1,2,75000.0
2833,8,0,2,3,4,5,6,2,0,0,2,45000.0
2836,0,0,0,3,1,0,9,0,3,2,2,12500.0
2841,9,0,5,3,5,1,12,0,0,0,5,55000.0
2861,3,0,1,2,1,2,10,2,2,0,1,75000.0
2865,3,1,2,2,3,2,4,1,0,1,5,35000.0
2869,3,0,17,4,4,5,1,2,3,0,1,55000.0
2872,4,0,3,4,0,0,0,2,0,2,3,137500.0
2885,5,0,0,3,1,0,13,0,0,2,2,500.0
2888,6,0,2,4,4,0,1,2,2,0,1,27500.0
2894,1,0,1,3,1,0,11,2,2,1,3,45000.0
2898,6,0,1,3,4,0,17,2,0,1,4,175000.0
2908,4,0,1,4,4,6,2,2,2,3,3,175000.0
2912,8,0,8,4,5,2,1,2,0,0,3,500.0
2920,8,1,2,4,2,4,16,0,0,0,2,500.0
2936,2,1,3,4,3,2,1,0,0,0,4,35000.0
2950,2,1,3,3,1,0,1,2,2,0,4,55000.0
2955,7,0,1,2,5,4,6,0,0,2,4,175000.0
2961,4,0,2,3,3,4,1,2,3,1,5,500.0
2962,6,0,4,3,3,3,0,2,1,1,3,112500.0
2968,5,0,3,3,4,2,2,2,0,1,2,95000.0
2969,6,0,2,2,4,1,12,2,2,2,3,85000.0
2987,5,1,3,4,1,1,1,2,0,0,1,75000.0
2997,4,0,8,3,1,1,0,0,0,0,2,500.0
3001,5,0,2,3,3,5,9,2,3,3,2,175000.0
3007,3,0,14,3,4,0,3,1,3,3,3,45000.0
3013,2,0,5,4,1,1,1,0,0,0,2,12500.0
3019,7,0,2,4,4,3,9,0,0,3,3,65000.0
3020,5,0,2,3,3,0,0,2,1,2,4,85000.0
3022,2,0,5,3,3,2,0,2,2,0,1,27500.0
3023,6,0,3,3,5,4,0,2,1,2,6,85000.0
3025,4,1,7,3,2,0,1,2,2,0,2,35000.0
3026,2,0,3,3,1,2,1,2,2,0,1,55000.0
3033,9,0,5,4,5,7,1,1,0,0,2,35000.0
3054,3,0,1,2,1,0,4,2,0,0,3,65000.0
3056,5,0,2,3,4,1,6,2,3,3,1,45000.0
3063,3,0,12,4,3,4,1,2,2,0,2,45000.0
3066,9,0,2,4,5,5,1,2,1,0,3,45000.0
3067,8,0,2,4,5,7,1,2,2,3,5,75000.0
3071,9,0,0,3,5,5,0,2,1,0,4,8750.0
3072,2,0,15,4,4,4,0,2,1,0,2,55000.0
3082,2,0,2,4,3,1,1,2,2,0,3,17500.0
3084,6,0,17,3,4,4,13,0,0,0,2,95000.0
3098,4,0,11,3,3,3,0,1,0,0,2,112500.0
3104,5,0,0,2,0,0,2,0,0,0,1,1500.0
3108,4,0,0,3,3,0,8,2,3,1,2,12500.0
3111,1,0,0,3,3,2,15,2,0,1,2,22500.0
3112,9,0,5,3,5,0,7,0,0,2,3,45000.0
3128,3,0,19,3,0,0,5,1,3,0,1,500.0
3132,2,0,5,3,3,2,3,0,0,0,2,12500.0
3141,7,0,5,3,3,1,2,2,2,1,3,35000.0
3162,2,0,3,4,2,2,1,1,2,1,1,65000.0
3167,3,0,4,3,3,4,0,2,2,0,2,137500.0
3168,2,0,9,2,2,1,0,2,0,1,4,1500.0
3176,1,0,0,3,1,1,1,0,2,0,2,500.0
3180,0,0,0,2,2,0,9,2,0,2,2,12500.0
3185,4,0,15,2,4,1,2,2,2,0,3,55000.0
3186,2,0,0,3,4,3,0,2,2,1,3,2500.0
3187,8,1,6,3,3,1,13,0,3,1,3,12500.0
3188,3,0,4,3,2,0,7,1,0,2,1,45000.0
3190,2,0,7,2,2,2,17,2,0,1,1,85000.0
3194,3,0,1,3,1,1,3,2,2,3,2,2500.0
3197,3,0,11,2,3,1,0,2,2,1,3,95000.0
3199,2,0,4,4,2,2,1,0,0,0,5,17500.0
3200,7,1,7,3,4,1,2,2,2,2,2,112500.0
3222,4,0,5,3,2,4,7,2,0,1,2,27500.0
3229,2,0,4,3,2,2,10,2,2,0,3,65000.0
3235,3,0,1,3,3,2,14,2,1,0,1,75000.0
3240,2,0,9,3,1,0,1,0,3,2,2,500.0
3243,3,0,12,3,2,1,13,0,0,0,2,85000.0
3249,2,0,0,3,2,3,13,2,2,1,2,6250.0
3251,6,0,19,2,5,0,0,2,3,1,2,12500.0
3259,2,1,6,3,2,3,10,2,0,0,3,22500.0
3260,3,0,0,3,1,1,2,2,2,2,4,17500.0
3271,7,0,1,2,5,4,0,2,0,3,2,175000.0
3284,6,0,2,4,5,2,8,1,0,2,4,55000.0
3291,6,0,2,4,5,4,6,2,0,2,2,55000.0
3292,3,0,3,4,3,4,4,2,2,0,3,95000.0
3293,1,0,18,2,3,0,0,0,0,1,4,12500.0
3294,1,0,5,3,2,2,0,2,2,0,3,12500.0
3306,2,2,7,4,3,5,1,2,2,0,4,55000.0
3313,6,0,0,4,3,5,1,2,2,0,2,27500.0
3316,0,0,0,2,1,0,2,2,2,1,1,12500.0
3325,5,0,4,4,4,0,5,2,3,0,3,75000.0
3327,4,0,0,4,4,1,7,1,0,0,2,27500.0
3328,3,0,0,2,3,0,0,0,0,2,2,12500.0
3335,3,0,15,3,3,4,0,2,2,0,1,35000.0
3340,2,0,8,3,2,0,3,1,0,1,4,65000.0
3347,3,0,10,3,0,0,2,2,0,3,2,12500.0
3348,9,0,17,3,5,5,1,0,3,0,5,95000.0
3349,2,0,7,3,1,2,1,2,0,0,4,2500.0
3350,3,0,0,3,2,4,0,2,2,1,1,35000.0
3354,2,0,6,2,3,2,4,2,2,0,1,45000.0
3359,4,2,4,2,0,0,16,0,3,2,3,500.0
3362,6,0,6,3,5,2,1,2,1,0,3,2500.0
3375,7,0,2,4,5,4,1,2,0,2,5,55000.0
3390,6,0,8,4,2,4,1,2,0,0,2,12500.0
3391,3,0,4,3,3,5,2,2,2,1,4,65000.0
3395,3,0,4,4,3,4,10,0,0,1,1,55000.0
3400,2,0,4,3,0,0,2,2,2,3,2,45000.0
3403,8,0,5,2,5,4,0,1,3,1,4,22500.0
3405,7,0,2,4,5,5,0,1,1,0,7,95000.0
3410,5,0,0,3,5,0,9,2,0,1,4,17500.0
3412,6,2,7,3,3,1,0,2,2,3,1,85000.0
3414,4,0,19,3,3,0,14,1,3,1,2,55000.0
3417,3,1,4,3,1,1,13,2,0,2,3,1500.0
3423,2,0,6,3,2,4,12,0,0,2,2,55000.0
3424,4,1,8,3,4,6,0,2,2,0,2,35000.0
3430,4,1,1,4,3,1,1,2,3,0,1,500.0
3432,2,0,13,3,2,2,0,0,2,0,3,112500.0
3438,4,0,2,4,1,1,1,2,3,0,1,1500.0
3457,4,0,10,3,3,4,0,0,0,1,1,35000.0
3469,6,0,8,4,4,0,1,2,3,0,1,4500.0
3474,5,0,4,3,4,6,7,1,1,0,1,175000.0
3477,0,0,11,1,4,4,9,1,0,1,4,65000.0
3479,3,0,4,3,1,3,7,1,0,2,3,75000.0
3485,6,0,4,3,5,2,0,1,0,2,3,95000.0
3494,2,0,4,4,3,0,1,2,2,0,1,35000.0
3500,6,0,14,2,4,3,2,2,0,2,3,65000.0
3508,6,0,6,4,1,1,1,2,3,0,2,12500.0
3510,4,0,5,4,4,3,0,0,3,1,6,27500.0
3511,4,0,5,4,2,3,1,0,0,0,3,17500.0
3514,1,0,0,2,1,1,5,0,0,1,2,3500.0
3515,5,0,8,3,3,0,1,1,0,2,3,6250.0
3535,9,0,0,3,5,0,9,1,3,2,2,45000.0
3541,0,0,17,2,2,0,3,0,3,0,1,500.0
3542,4,0,3,4,4,6,14,2,0,0,2,85000.0
3546,7,0,9,5,4,3,1,2,1,0,1,8750.0
3556,1,0,3,3,1,2,0,0,0,0,1,12500.0
3557,3,0,3,4,4,5,1,2,2,0,2,65000.0
3561,1,1,5,2,3,0,3,2,0,0,2,500.0
3562,7,0,1,2,1,1,6,2,2,2,3,45000.0
3563,6,0,2,4,3,5,1,2,0,2,4,137500.0
3565,5,1,1,3,1,1,13,2,2,2,4,45000.0
3567,2,0,5,3,2,2,10,2,0,2,2,35000.0
3574,4,0,4,3,2,0,9,2,3,2,2,95000.0
3578,2,0,2,2,1,0,4,2,0,1,2,6250.0
3579,3,0,10,3,0,0,11,2,2,2,1,17500.0
3582,6,1,7,4,5,2,0,2,0,3,3,137500.0
3585,7,0,4,3,5,1,2,0,0,3,6,500.0
3600,4,0,2,3,2,1,0,2,3,1,2,35000.0
3612,7,0,3,5,1,1,1,2,2,0,1,500.0
3619,3,0,3,4,3,2,9,2,2,1,2,95000.0
3620,2,0,2,1,3,2,15,2,3,3,2,22500.0
3624,6,0,5,3,2,4,14,2,0,3,3,137500.0
3631,2,0,6,3,3,3,14,1,1,1,2,55000.0
3634,2,0,1,3,1,1,2,1,0,0,3,75000.0
3641,4,0,2,4,4,6,0,2,2,0,3,95000.0
3650,7,0,0,4,2,2,1,2,3,0,2,1500.0
3654,9,0,5,2,5,0,9,0,3,1,2,12500.0
3658,5,0,11,4,1,1,1,2,0,2,1,55000.0
3668,3,0,8,3,1,1,12,2,2,0,3,17500.0
3669,2,0,11,4,2,0,1,2,2,3,4,45000.0
3670,3,1,5,3,1,1,6,1,3,1,2,500.0
3676,9,1,2,4,5,6,6,1,0,0,4,112500.0
3682,4,0,4,4,3,1,3,2,0,0,3,35000.0
3686,2,0,1,3,3,2,1,2,2,1,7,65000.0
3697,3,1,3,3,3,2,0,2,2,1,4,85000.0
3703,1,0,0,3,2,1,1,2,3,0,1,12500.0
3718,2,0,10,3,1,1,3,0,3,2,2,1500.0
3736,7,0,2,4,5,7,1,2,2,0,2,55000.0
3739,4,0,4,4,4,6,0,1,0,0,3,65000.0
3743,5,0,13,3,5,4,3,2,2,0,5,137500.0
3771,4,0,6,3,3,2,2,2,0,0,3,27500.0
3773,3,0,0,3,2,1,1,2,2,1,2,17500.0
3785,8,0,1,4,5,6,2,2,2,1,2,400000.0
3791,3,0,0,3,1,1,3,0,0,0,2,35000.0
3801,5,0,5,2,4,0,2,0,2,1,4,35000.0
3816,7,0,5,4,5,5,1,2,2,0,2,55000.0
3823,1,0,0,2,0,0,9,0,0,2,2,1500.0
3824,2,0,0,3,3,1,9,2,2,1,3,137500.0
3832,2,1,4,3,0,1,1,0,0,0,3,500.0
3838,8,0,3,4,5,5,0,0,0,3,2,137500.0
3839,3,0,6,3,1,0,2,2,3,2,1,22500.0
3840,6,0,4,3,5,5,8,1,2,3,1,85000.0
3847,1,1,4,3,1,1,3,2,2,0,5,1500.0
3848,5,0,9,4,2,3,1,2,3,0,3,55000.0
3868,1,0,1,3,2,0,4,2,2,2,3,45000.0
3872,6,0,13,4,5,6,2,0,0,0,6,175000.0
3876,2,0,0,2,3,3,0,2,2,1,4,55000.0
3877,3,0,1,4,4,6,7,2,2,3,1,275000.0
3878,7,0,6,0,4,6,6,0,3,2,1,12500.0
3890,4,0,0,3,3,1,6,2,2,2,1,55000.0
3895,0,0,8,2,0,1,9,1,0,0,1,6250.0
3896,8,0,4,4,5,5,0,0,0,0,6,95000.0
3901,2,0,1,4,3,1,0,0,0,0,1,75000.0
3902,4,0,2,3,4,1,0,2,2,1,2,35000.0
3905,4,0,3,4,2,2,4,2,0,0,2,95000.0
3907,5,0,7,3,4,5,12,1,0,1,3,75000.0
3913,4,0,12,3,5,5,5,0,0,1,3,75000.0
3916,0,0,8,2,1,0,2,0,3,1,1,500.0
3921,2,1,16,3,0,0,1,1,0,2,4,500.0
3929,7,0,2,2,5,0,5,0,3,3,3,55000.0
3937,7,0,5,3,1,1,16,2,3,0,1,500.0
3940,5,0,3,3,4,2,0,1,2,0,5,95000.0
3948,2,0,3,4,4,4,1,2,2,0,3,45000.0
3954,2,0,5,3,3,4,7,2,0,0,3,55000.0
3966,0,0,0,2,2,1,2,2,2,1,2,1500.0
3969,3,0,2,3,3,4,0,2,2,3,2,137500.0
3970,2,0,2,3,3,5,4,2,2,3,2,175000.0
3978,3,0,5,3,1,1,8,2,2,0,1,1500.0
3980,3,1,3,3,0,0,1,1,3,3,4,500.0
3981,1,0,6,3,2,3,16,0,0,0,1,500.0
3985,3,1,10,3,2,5,2,1,2,0,4,22500.0
3986,1,0,6,3,1,0,0,2,2,0,1,500.0
3991,2,0,2,4,3,2,1,0,0,0,2,35000.0
4000,2,1,9,4,3,4,1,2,0,0,2,1500.0
4008,5,1,11,2,2,0,0,2,1,3,1,75000.0
4009,4,0,19,2,4,2,3,2,0,1,1,55000.0
4014,2,0,0,3,0,0,9,2,1,2,1,12500.0
4018,4,0,0,1,2,2,2,2,2,2,3,12500.0
4019,5,0,3,3,5,7,4,2,2,0,2,112500.0
4025,1,0,15,2,1,0,4,0,0,1,5,500.0
4033,0,0,0,2,1,0,2,1,1,0,2,3500.0
4042,4,0,7,3,3,4,2,2,2,0,3,112500.0
4051,1,1,0,2,1,0,14,2,0,1,3,112500.0
4052,8,0,3,0,1,1,6,2,0,1,2,85000.0
4053,6,0,0,3,2,2,13,1,1,0,2,6250.0
4056,2,0,6,4,2,1,5,2,0,1,1,27500.0
4068,3,1,0,3,1,0,1,1,0,0,3,4500.0
4071,5,1,2,5,4,6,1,2,0,0,5,95000.0
4078,7,1,9,5,4,0,1,2,3,0,1,8750.0
4095,1,0,16,3,1,0,2,2,2,2,2,22500.0
4100,2,0,1,3,1,2,3,1,0,2,2,35000.0
4110,2,2,4,3,1,1,3,0,3,0,2,500.0
4112,8,0,7,3,5,6,13,2,1,0,3,112500.0
4119,3,0,17,4,2,0,1,2,2,0,2,95000.0
4121,5,0,2,3,2,2,0,2,0,2,3,95000.0
4127,2,0,8,3,2,3,5,0,1,1,2,45000.0
4140,0,0,0,2,2,2,1,2,3,0,4,12500.0
4142,3,0,4,3,2,2,10,2,2,1,2,45000.0
4146,3,0,0,0,1,0,12,0,0,0,3,17500.0
4154,2,1,6,3,3,3,7,1,0,0,3,35000.0
4155,2,0,2,2,2,1,0,2,0,1,4,17500.0
4161,6,0,0,3,5,0,11,2,2,3,4,1500.0
4169,6,0,5,3,2,4,1,0,0,0,1,12500.0
4174,7,0,2,1,4,0,0,1,3,0,2,1500.0
4183,6,0,2,3,1,0,12,1,3,3,2,45000.0
4192,3,0,0,2,3,0,13,1,0,1,2,2500.0
4197,6,0,7,3,5,0,7,2,3,1,4,75000.0
4199,3,0,3,2,0,0,11,0,0,2,2,3500.0
4200,0,0,0,1,2,2,2,2,2,1,2,2500.0
4206,3,1,3,4,3,3,8,2,2,2,6,112500.0
4208,5,0,12,3,2,4,2,0,0,3,2,112500.0
4216,1,0,6,3,1,1,2,2,2,2,1,22500.0
4217,6,0,0,1,5,1,0,0,0,2,4,500.0
4228,3,1,3,3,2,2,0,2,2,1,1,500.0
4232,2,0,3,3,0,0,1,0,0,1,3,500.0
4233,3,0,5,2,4,1,3,1,0,3,3,27500.0
4242,2,0,2,2,0,0,8,0,0,2,2,45000.0
4243,3,0,0,3,3,4,2,2,1,0,4,55000.0
4249,6,0,13,3,5,2,0,1,0,1,4,85000.0
4264,6,0,17,3,5,4,2,2,0,0,3,137500.0
4268,6,0,2,5,5,7,1,2,2,0,5,45000.0
4282,5,0,0,3,4,1,5,2,0,1,2,12500.0
4285,1,0,0,2,1,2,2,2,2,2,2,8750.0
4300,7,0,2,2,5,5,5,2,0,2,2,35000.0
4301,3,0,15,3,0,0,7,2,3,3,2,35000.0
4308,2,1,3,4,2,3,1,2,2,3,1,45000.0
4317,1,0,10,2,3,2,2,2,2,2,1,8750.0
4326,5,0,16,2,1,0,12,2,2,2,2,6250.0
4330,3,0,14,3,2,1,9,2,0,0,3,137500.0
4334,4,0,8,4,2,1,12,2,0,0,1,1500.0
4347,2,0,4,4,3,4,6,2,2,0,2,22500.0
4356,9,0,0,3,5,2,2,2,2,1,3,6250.0
4359,3,0,3,3,3,4,0,2,2,1,2,112500.0
4363,6,0,4,4,0,2,5,0,3,1,1,55000.0
4373,9,0,8,4,5,4,1,1,2,0,3,3500.0
4378,0,0,0,3,1,1,10,2,0,0,3,12500.0
4380,0,0,0,2,1,0,16,0,0,2,5,1500.0
4392,2,1,2,4,1,2,1,0,0,0,2,27500.0
4404,5,0,3,3,4,5,10,2,2,3,3,112500.0
4412,8,0,17,2,5,4,6,2,0,1,2,137500.0
4422,9,0,4,5,5,6,15,1,0,3,1,8750.0
4434,4,0,7,3,4,3,16,2,0,0,2,65000.0
4440,5,0,4,3,3,3,10,0,0,3,1,112500.0
4445,6,0,8,3,5,1,8,2,3,0,1,12500.0
4452,1,0,8,4,2,2,4,2,0,0,1,500.0
4460,1,0,2,3,2,2,1,0,3,2,1,17500.0
4464,2,0,4,3,1,2,0,0,0,0,2,65000.0
4467,5,0,17,3,1,0,6,2,0,2,2,85000.0
4469,8,0,2,3,5,6,6,2,1,2,3,112500.0
4470,7,2,10,2,3,5,1,2,1,0,5,12500.0
4473,5,0,17,1,2,2,0,0,0,1,4,65000.0
4481,6,0,4,3,4,4,3,0,0,0,1,22500.0
4482,2,0,16,3,3,2,12,2,0,0,1,35000.0
4493,3,0,11,4,1,0,1,2,2,0,2,17500.0
4494,3,0,3,5,0,0,1,1,0,0,3,55000.0
4499,3,0,11,3,3,1,11,2,3,1,2,6250.0
4509,2,0,5,3,2,2,3,0,0,0,2,35000.0
4511,2,0,12,3,3,1,13,2,1,0,2,45000.0
4517,1,0,6,3,2,1,2,0,0,0,3,8750.0
4519,6,1,3,4,5,1,1,0,3,0,6,500.0
4528,9,0,0,4,0,0,3,0,3,3,1,6250.0
4529,4,0,3,3,2,4,3,2,0,1,4,112500.0
4534,1,0,8,3,2,3,9,0,0,0,3,1500.0
4537,3,0,5,3,1,0,3,2,2,0,3,35000.0
4546,3,0,1,4,3,3,2,2,2,0,1,112500.0
4547,4,0,2,2,3,0,14,0,3,3,3,27500.0
4550,2,0,8,3,4,0,9,2,0,1,4,35000.0
4556,3,0,1,3,3,0,3,2,3,1,4,75000.0
4557,5,1,9,2,4,0,0,2,3,1,3,500.0
4565,4,0,6,3,2,4,0,2,2,0,1,65000.0
4571,4,0,3,3,2,4,15,2,1,1,2,137500.0
4572,2,0,18,3,3,1,0,0,0,2,2,45000.0
4574,7,0,1,1,5,4,16,1,0,3,3,45000.0
4575,5,0,3,4,5,6,1,2,2,0,4,65000.0
4576,1,0,5,3,1,1,1,1,2,3,2,500.0
4577,5,0,9,3,3,2,9,0,0,0,1,45000.0
4590,2,0,3,3,4,3,0,1,0,0,2,75000.0
4591,3,0,19,2,1,0,7,0,0,2,3,500.0
4593,4,0,8,3,4,1,8,2,0,0,1,3500.0
4594,6,0,2,2,1,0,5,0,0,3,1,1500.0
4595,5,0,0,4,4,1,3,2,0,0,2,175000.0
4601,1,0,0,2,0,1,0,0,3,0,1,6250.0
4627,3,0,14,3,2,2,9,2,1,0,2,137500.0
4633,5,0,5,4,4,6,1,2,0,0,2,35000.0
4635,2,0,14,3,1,2,9,0,0,0,3,500.0
4637,2,1,3,3,1,0,16,1,0,3,3,35000.0
4645,7,0,9,4,5,6,0,0,0,0,3,27500.0
4652,1,1,3,4,2,2,1,2,0,0,3,65000.0
4656,7,0,9,3,5,4,0,0,0,3,4,22500.0
4658,2,0,0,3,2,4,9,2,0,0,3,35000.0
4660,6,0,6,3,4,1,13,2,0,0,4,4500.0
4662,5,0,0,3,5,2,12,2,0,3,1,137500.0
4669,3,0,18,3,2,3,2,0,0,0,2,55000.0
4670,4,1,3,4,4,5,12,2,2,0,2,75000.0
4674,2,0,11,3,4,0,3,2,0,3,1,85000.0
4679,2,0,2,1,0,0,1,0,3,2,3,500.0
4684,2,0,4,3,2,1,2,0,1,2,2,45000.0
4688,3,0,8,4,3,5,0,1,1,0,2,112500.0
4692,6,0,1,0,5,1,3,0,0,3,4,225000.0
4695,3,0,2,3,4,5,2,2,2,0,4,85000.0
4697,8,0,4,3,5,2,2,2,1,1,4,55000.0
4705,5,0,0,1,2,0,0,0,0,1,2,3500.0
4709,2,1,1,3,1,2,4,2,0,0,7,35000.0
4714,3,0,11,4,4,5,7,0,0,0,1,55000.0
4715,3,0,0,3,1,1,0,1,0,1,3,2500.0
4719,4,0,8,2,4,0,0,0,0,1,4,55000.0
4732,5,1,1,3,1,0,1,0,3,3,1,55000.0
4743,2,0,4,3,3,5,0,0,0,1,1,45000.0
4752,4,0,19,3,1,2,11,0,0,2,1,35000.0
4764,3,1,3,4,2,3,1,0,3,0,7,500.0
4768,3,0,0,2,3,1,15,2,0,0,4,500.0
4773,4,0,4,3,3,0,2,2,3,1,2,500.0
4781,5,0,10,3,4,1,5,1,0,1,2,35000.0
4795,1,1,19,3,0,0,0,2,1,0,1,1500.0
4796,2,1,3,3,3,0,0,2,0,0,5,500.0
4800,2,0,2,3,1,1,1,0,0,2,2,27500.0
4802,0,0,18,2,3,3,0,1,2,0,3,45000.0
4803,2,0,6,4,3,4,4,2,0,0,2,22500.0
4804,0,0,0,2,1,1,0,0,0,0,5,1500.0
4806,3,0,9,3,4,3,0,1,0,1,2,35000.0
4812,4,0,18,4,0,0,8,0,0,2,1,500.0
4819,8,0,7,3,2,3,6,2,2,2,2,65000.0
4825,5,0,6,4,4,5,1,2,3,0,2,27500.0
4838,4,0,3,1,2,1,1,0,3,3,1,35000.0
4850,2,1,18,4,2,4,3,2,0,0,2,2500.0
4857,6,0,4,3,4,1,0,2,2,2,2,95000.0
4869,4,0,0,4,4,5,17,0,0,3,2,75000.0
4874,7,0,3,3,5,2,0,2,2,1,3,137500.0
4877,2,0,8,1,2,1,5,0,0,2,2,8750.0
4880,5,1,0,3,0,1,0,0,0,0,2,500.0
4884,4,0,3,4,4,5,7,2,2,2,2,55000.0
4885,3,0,5,3,4,2,0,2,0,1,6,1500.0
4889,6,0,2,1,4,6,7,1,0,3,1,22500.0
4895,2,0,2,3,1,1,7,2,0,0,2,27500.0
4896,9,0,4,4,5,5,1,0,0,0,2,55000.0
4897,9,0,3,5,5,4,5,2,2,0,4,137500.0
4900,6,0,7,3,3,1,12,0,0,2,4,75000.0
4905,3,0,4,3,3,4,7,2,1,0,3,75000.0
4907,3,0,4,4,1,7,1,0,3,0,1,1500.0
4912,1,0,0,3,2,3,0,2,0,1,2,500.0
4914,3,0,14,4,3,0,1,0,3,0,3,55000.0
4916,5,0,1,3,4,4,1,2,0,0,6,500.0
4918,4,0,7,5,5,4,4,0,0,0,2,65000.0
4919,4,0,7,5,5,6,1,2,2,0,3,95000.0
4924,6,0,5,3,4,1,10,2,0,1,2,55000.0
4949,6,0,2,4,5,5,1,2,0,0,3,75000.0
4953,3,0,8,2,1,0,6,2,0,0,1,12500.0
4955,6,1,1,3,2,2,6,2,2,0,2,75000.0
4957,6,0,2,3,5,0,0,2,0,1,4,35000.0
4962,6,0,12,3,5,2,0,0,3,3,1,112500.0
4964,2,0,0,3,2,2,7,2,2,2,2,3500.0
4970,0,0,0,1,0,1,11,2,1,2,1,3500.0
4971,1,0,1,3,0,0,5,2,2,2,2,12500.0
4972,6,0,5,3,5,7,0,0,0,3,2,85000.0
4973,3,1,1,4,1,1,4,2,1,0,3,45000.0
4976,5,0,16,4,5,5,1,2,0,0,1,45000.0
4977,1,0,5,3,2,1,0,2,2,0,2,55000.0
4981,4,0,1,3,3,2,11,2,0,2,2,55000.0
4984,2,1,4,3,0,0,0,0,0,3,5,35000.0
4985,2,0,0,3,1,3,9,2,2,1,2,17500.0
4987,1,0,3,3,2,1,1,2,1,0,1,55000.0
4993,3,0,16,3,2,4,5,2,0,0,3,55000.0
4994,6,0,5,2,4,1,0,2,0,2,3,35000.0
4999,3,0,9,5,4,5,11,2,2,0,3,45000.0
5004,3,0,0,3,3,1,0,2,2,1,4,55000.0
5005,4,0,2,3,2,2,11,0,0,1,4,2500.0
5006,3,0,0,3,3,0,8,2,0,0,1,8750.0
5008,7,0,2,3,1,6,7,0,3,2,1,55000.0
5012,2,0,5,3,3,2,9,1,0,0,2,27500.0
5013,2,0,4,3,3,3,11,2,3,0,1,55000.0
5014,2,1,1,3,2,1,1,2,2,1,1,500.0
5016,2,1,6,3,1,0,5,1,3,3,1,17500.0
5024,2,0,9,3,2,0,11,0,0,0,2,27500.0
5027,2,0,13,4,4,4,1,0,0,0,5,85000.0
5030,5,0,6,3,4,0,0,0,3,1,4,45000.0
5034,3,0,7,4,2,4,1,2,0,3,2,55000.0
5038,7,0,8,5,3,2,4,1,0,0,3,27500.0
5045,3,0,0,3,3,2,4,1,3,0,4,1500.0
5046,2,0,3,2,4,3,7,2,0,1,4,45000.0
5047,2,0,14,4,3,3,1,2,2,0,3,1500.0
5051,5,0,6,3,2,1,10,2,0,2,3,4500.0
5053,7,0,14,3,5,2,8,2,0,2,2,2500.0
5054,7,0,2,4,5,7,1,2,0,0,4,55000.0
5062,3,1,4,3,2,3,10,2,2,0,3,45000.0
5075,7,0,9,2,5,0,11,2,3,2,3,500.0
5080,7,0,15,3,5,5,8,2,0,0,2,35000.0
5100,7,0,1,4,5,1,1,2,0,0,2,45000.0
5105,3,1,10,3,4,5,3,2,0,0,2,75000.0
5117,4,0,1,4,2,3,9,0,0,0,4,85000.0
5124,2,1,3,3,1,1,0,0,0,1,3,55000.0
5126,7,0,10,4,5,2,8,2,0,3,2,85000.0
5143,4,0,0,1,0,0,12,2,0,0,1,12500.0
5150,4,0,3,2,2,2,0,2,0,0,2,55000.0
5157,2,0,4,3,2,3,10,2,0,0,3,55000.0
5158,4,0,0,3,1,1,12,2,3,0,3,1500.0
5160,2,0,14,4,4,5,1,2,2,0,2,45000.0
5164,9,0,1,4,2,2,8,0,0,3,1,112500.0
5174,6,0,6,3,3,1,6,2,0,2,3,1500.0
5183,3,2,1,1,2,2,17,2,0,0,3,75000.0
5188,7,0,4,3,5,5,8,2,2,0,2,95000.0
5193,2,0,15,3,2,3,0,2,2,1,2,22500.0
5199,7,0,2,5,5,6,0,1,1,2,6,95000.0
5200,2,0,6,3,2,1,3,2,3,2,4,500.0
5201,3,1,13,2,1,1,1,2,0,0,1,500.0
5203,1,0,1,3,3,2,13,2,0,0,4,45000.0
5206,2,1,6,3,1,0,7,1,0,2,2,8750.0
5207,3,0,1,4,3,0,2,2,2,3,2,112500.0
5210,1,0,0,3,1,2,0,1,1,0,4,22500.0
5211,4,0,1,5,3,5,0,0,0,0,3,175000.0
5215,5,1,1,3,1,1,0,2,2,0,1,65000.0
5248,0,0,8,2,0,0,1,0,3,0,1,500.0
5251,2,1,9,3,2,0,12,2,0,2,4,17500.0
5260,4,1,1,2,4,0,2,2,1,2,2,75000.0
5263,3,0,2,3,3,5,6,2,0,0,1,35000.0
5270,2,0,0,2,0,0,0,1,0,1,2,500.0
5274,5,0,8,2,4,0,0,0,0,1,4,35000.0
5276,5,0,3,4,3,4,1,2,2,0,1,75000.0
5287,2,0,0,2,2,2,14,2,2,2,3,2500.0
5292,9,0,3,5,5,4,3,2,2,0,1,112500.0
5297,3,0,2,4,1,2,2,1,0,2,2,45000.0
5298,4,0,13,3,3,2,1,0,0,0,1,75000.0
5301,3,0,6,3,4,4,0,0,0,1,4,2500.0
5307,4,0,6,4,4,4,2,2,1,1,4,35000.0
5311,6,0,2,3,4,2,4,2,2,1,3,85000.0
5312,3,0,0,3,1,1,13,2,1,1,3,35000.0
5313,3,0,7,3,0,0,9,1,1,0,3,1500.0
5315,2,0,0,3,3,3,9,0,0,1,1,2500.0
5320,3,0,0,3,2,2,2,0,3,1,4,1500.0
5321,1,0,2,2,3,0,2,2,2,3,4,12500.0
5327,2,1,0,4,0,0,6,1,3,2,1,500.0
5331,3,0,2,3,3,5,4,2,2,0,4,55000.0
5333,8,1,0,0,5,1,1,2,0,0,6,500.0
5340,5,1,4,3,4,5,0,1,0,0,3,112500.0
5351,2,0,0,3,1,0,3,0,3,3,2,500.0
5356,5,0,0,3,4,1,0,1,0,1,3,35000.0
5366,8,0,3,4,5,2,3,2,2,1,3,175000.0
5369,2,0,5,4,3,3,1,2,1,0,3,17500.0
5374,1,0,11,3,3,1,3,0,3,0,3,500.0
5379,2,0,5,4,3,3,1,2,0,0,6,17500.0
5383,6,0,2,3,5,1,9,2,3,2,3,45000.0
5384,7,0,4,4,5,0,0,2,2,1,4,75000.0
5388,5,0,5,4,2,1,1,0,3,0,1,22500.0
5389,0,0,1,1,1,2,7,1,0,0,2,45000.0
5392,2,0,0,2,2,3,9,2,2,0,2,3500.0
5393,1,0,1,3,1,0,0,0,0,0,3,27500.0
5400,4,0,10,2,4,0,4,2,2,1,3,85000.0
5403,4,1,9,3,5,3,0,2,2,1,3,17500.0
5411,4,1,3,5,5,6,3,0,3,0,2,500.0
5415,4,0,4,1,3,0,3,2,0,3,5,35000.0
5418,4,0,10,3,5,6,0,1,0,0,4,2500.0
5421,1,0,3,3,2,2,0,2,2,0,4,55000.0
5425,7,0,3,3,5,1,5,2,1,1,3,55000.0
5432,8,0,1,2,5,0,7,0,0,1,3,22500.0
5437,2,0,16,3,4,5,4,2,2,1,3,225000.0
5444,3,0,0,3,3,5,0,2,2,2,3,35000.0
5445,9,0,8,4,5,4,9,2,2,0,1,1500.0
5448,2,0,14,4,3,5,1,2,2,0,4,65000.0
5449,3,1,0,3,1,0,11,2,2,0,2,3500.0
5450,6,0,2,4,5,6,8,2,2,1,5,85000.0
5451,2,0,1,3,1,0,12,2,2,2,2,55000.0
5464,3,0,1,4,1,1,14,1,0,0,2,65000.0
5469,5,1,1,3,3,2,2,2,0,2,2,55000.0
5484,4,0,11,4,4,5,1,2,0,0,4,45000.0
5485,1,1,4,3,1,1,1,2,2,0,5,500.0
5486,5,0,6,4,4,5,7,2,2,2,1,65000.0
5487,2,0,5,2,2,1,5,2,0,2,3,35000.0
5490,2,0,1,2,3,3,9,2,2,1,3,85000.0
5501,7,0,0,3,5,2,2,2,0,2,4,35000.0
5505,6,0,5,3,3,2,0,2,2,2,1,65000.0
5506,6,0,4,3,5,4,11,1,0,1,4,95000.0
5514,6,0,1,2,2,3,2,2,0,3,1,750000.0
5525,5,0,15,3,5,1,0,1,0,1,3,55000.0
5527,5,0,12,3,4,0,5,2,0,3,3,75000.0
5543,2,0,3,1,1,1,17,0,0,2,5,55000.0
5549,4,0,1,2,2,4,4,0,0,1,3,55000.0
5555,4,0,8,4,2,2,8,2,0,1,3,112500.0
5562,3,1,6,3,4,1,10,2,2,0,3,27500.0
5565,4,0,16,3,3,5,1,0,2,0,2,12500.0
5576,5,0,3,3,5,7,4,2,2,0,5,95000.0
5585,2,1,9,3,2,2,5,0,3,3,1,1500.0
5587,2,0,12,3,2,1,0,1,0,0,2,35000.0
5591,3,0,4,3,3,2,12,0,0,0,2,55000.0
5596,4,0,10,3,4,5,0,2,1,0,1,55000.0
5609,7,0,5,3,1,2,2,2,2,3,1,35000.0
5615,8,0,1,4,5,7,10,2,2,3,3,225000.0
5622,2,0,5,3,2,2,5,1,0,0,3,27500.0
5624,5,0,5,1,1,0,2,0,0,2,1,85000.0
5625,4,1,3,4,4,6,1,2,2,0,4,65000.0
5627,5,0,1,1,1,1,2,0,0,1,2,22500.0
5634,9,0,0,3,5,1,5,2,2,3,1,3500.0
5640,4,0,4,3,2,4,4,0,0,0,4,75000.0
5645,3,0,10,3,3,5,3,2,0,0,2,112500.0
5664,3,0,1,3,4,4,6,2,0,2,2,65000.0
5666,4,1,5,4,4,6,0,0,0,0,3,45000.0
5676,2,0,1,4,1,1,1,2,2,2,2,65000.0
5684,3,0,6,2,3,5,0,2,0,1,4,65000.0
5688,3,0,2,3,2,1,13,2,0,0,3,22500.0
5701,3,0,8,1,1,1,10,2,1,0,2,35000.0
5705,3,0,1,4,3,5,0,2,2,0,1,400000.0
5711,3,0,8,2,0,0,12,2,3,3,1,35000.0
5715,4,0,1,4,5,5,13,2,0,0,1,75000.0
5717,3,0,8,2,3,1,7,2,2,1,5,35000.0
5718,3,0,5,3,0,0,12,0,0,2,1,22500.0
5725,4,0,11,3,3,0,0,2,2,1,1,55000.0
5728,5,0,2,3,5,1,14,1,0,3,5,27500.0
5736,9,0,1,2,5,3,5,2,0,0,3,112500.0
5737,5,0,0,3,5,2,2,2,2,1,5,22500.0
5738,3,0,1,3,1,0,2,2,3,2,1,65000.0
5746,7,0,1,2,5,1,3,2,3,3,4,137500.0
5756,1,1,0,2,1,1,2,2,2,2,1,500.0
5787,1,0,2,2,1,1,0,1,0,0,3,55000.0
5792,7,1,13,3,4,2,2,2,0,1,4,45000.0
5805,6,0,1,4,5,6,2,2,0,0,5,225000.0
5811,5,0,5,3,3,2,1,0,3,3,3,2500.0
5814,3,0,8,1,2,0,15,1,0,1,1,17500.0
5831,2,0,1,3,2,0,0,1,0,0,3,8750.0
5832,2,0,0,3,1,0,3,0,3,1,1,500.0
5833,2,0,2,3,2,2,9,2,2,0,2,35000.0
5836,2,0,0,4,2,2,5,2,0,0,1,27500.0
5840,5,0,4,3,2,0,1,2,3,2,2,55000.0
5846,5,0,14,3,4,4,6,2,3,2,3,75000.0
5851,2,0,8,4,1,1,2,0,0,0,2,22500.0
5855,0,0,0,2,1,0,1,2,0,0,3,500.0
5858,6,0,4,3,5,0,2,2,2,1,6,55000.0
5859,0,0,3,3,1,0,15,1,1,1,4,6250.0
5863,6,0,2,1,2,0,10,2,0,2,3,500.0
5864,7,0,4,3,5,4,2,2,3,1,2,45000.0
5871,5,1,4,5,4,4,3,0,2,0,2,27500.0
5889,7,0,2,2,4,0,8,2,0,1,3,45000.0
5890,9,0,5,4,5,0,6,2,1,0,3,85000.0
5891,1,0,8,3,1,2,16,0,0,1,3,55000.0
5919,3,0,1,3,3,0,5,2,0,1,3,17500.0
5924,9,0,1,2,5,7,6,2,2,0,3,85000.0
5930,6,0,16,3,5,3,0,2,2,1,5,112500.0
5940,8,0,18,2,4,5,0,0,0,2,1,35000.0
5941,8,0,7,3,1,0,4,0,0,0,2,35000.0
5943,5,0,1,3,4,5,2,2,2,1,3,95000.0
5965,9,0,6,4,5,5,1,0,0,0,1,45000.0
5975,3,0,17,4,3,1,12,2,0,0,5,85000.0
5986,2,0,8,1,3,4,0,2,0,0,1,75000.0
5994,6,1,1,4,4,0,0,0,0,1,3,17500.0
6002,8,0,7,2,5,3,3,2,0,3,1,75000.0
6017,7,1,14,3,4,0,6,2,0,2,3,112500.0
6018,6,0,10,3,4,0,1,2,0,0,3,12500.0
6030,6,0,1,3,1,2,2,0,0,0,2,45000.0
6043,3,0,1,4,3,5,10,0,0,0,3,112500.0
6044,0,0,8,2,2,1,0,2,2,0,1,500.0
6045,4,0,6,3,2,0,13,1,0,2,2,1500.0
6047,2,1,1,3,3,5,7,2,2,1,1,137500.0
6051,6,1,4,4,5,2,7,2,0,1,3,75000.0
6056,7,0,4,4,5,7,1,2,3,0,1,137500.0
6057,3,0,1,3,1,1,8,1,0,0,2,65000.0
6065,1,0,1,3,2,0,10,2,0,0,1,35000.0
6070,5,1,4,3,0,0,1,0,0,0,1,500.0
6082,7,0,0,3,3,4,1,1,3,1,3,500.0
6083,3,0,7,1,2,1,10,2,0,1,3,55000.0
6084,6,2,2,3,1,0,15,2,2,2,1,45000.0
6085,9,0,7,2,5,3,9,0,0,2,2,12500.0
6091,3,1,2,2,0,0,4,2,3,2,2,35000.0
6096,2,0,3,3,1,3,14,2,0,0,2,75000.0
6098,9,0,3,4,2,1,4,1,1,2,2,275000.0
6100,3,0,3,3,3,2,1,1,0,0,1,55000.0
6101,3,0,4,4,3,3,4,2,1,0,3,65000.0
6108,3,0,2,3,3,4,2,2,1,0,3,75000.0
6110,3,0,4,3,1,0,12,2,0,3,3,35000.0
6115,0,0,16,2,1,0,0,2,2,1,1,12500.0
6116,4,1,9,3,0,0,1,1,3,0,2,6250.0
6126,3,0,1,4,3,5,10,2,1,0,6,85000.0
6129,8,0,14,3,5,0,10,2,0,2,3,65000.0
6139,6,0,13,5,4,3,1,2,1,0,2,500.0
6141,7,1,4,5,5,6,1,2,2,0,4,55000.0
6142,9,0,1,3,5,2,0,2,2,2,3,175000.0
6158,2,1,7,3,2,0,3,2,3,2,1,55000.0
6160,1,0,0,1,2,0,7,0,0,1,3,1500.0
6166,2,0,4,4,3,2,1,1,0,0,4,17500.0
6169,5,1,10,3,0,2,13,1,0,0,1,500.0
6173,3,0,2,3,3,5,4,2,0,0,3,75000.0
6182,2,1,10,4,3,2,15,0,0,3,3,1500.0
6184,6,0,4,3,5,5,9,0,0,0,6,55000.0
6208,5,1,4,4,4,5,0,1,0,0,6,65000.0
6211,4,1,1,4,2,1,4,2,2,2,2,27500.0
6221,3,0,0,3,4,1,2,2,3,1,4,27500.0
6225,3,0,3,3,2,1,1,2,3,0,2,45000.0
6228,7,0,2,3,5,6,10,1,3,1,3,35000.0
6238,3,0,0,4,1,2,2,2,2,0,2,22500.0
6243,7,0,5,3,4,1,1,0,3,2,6,6250.0
6252,2,0,3,3,0,0,12,2,0,0,5,8750.0
6260,4,1,3,3,1,1,11,2,2,1,2,112500.0
6264,8,0,18,1,5,1,0,0,3,1,3,35000.0
6266,3,0,11,3,1,1,2,1,0,2,1,75000.0
6291,4,0,9,4,3,2,1,2,2,0,3,17500.0
6294,2,0,13,3,3,3,10,2,2,0,2,137500.0
6309,2,0,0,4,3,4,0,0,0,1,1,3500.0
6310,3,0,2,4,1,1,1,1,3,3,1,35000.0
6311,4,0,0,5,0,0,4,2,3,0,1,27500.0
6317,2,0,4,4,1,2,0,0,3,0,3,4500.0
6328,0,1,12,3,2,1,4,0,3,1,3,500.0
6329,2,0,1,3,1,0,4,0,1,2,2,45000.0
6342,9,0,5,3,5,7,0,2,2,0,2,95000.0
6347,5,0,9,4,5,5,2,2,1,0,3,45000.0
6353,2,1,4,3,2,2,10,2,0,0,3,55000.0
6360,4,1,3,5,4,6,2,2,0,1,7,500.0
6369,3,0,0,3,0,3,0,0,0,1,3,27500.0
6370,2,0,1,4,3,4,14,1,0,0,1,45000.0
6372,7,0,4,3,5,1,5,2,0,3,4,95000.0
6382,2,0,7,3,2,2,2,2,2,2,2,65000.0
6385,0,0,19,1,2,0,13,1,0,1,4,6250.0
6390,4,0,5,3,4,0,1,0,0,1,3,95000.0
6400,4,1,7,2,0,0,1,0,3,1,1,500.0
6403,6,0,2,4,5,2,1,2,2,0,5,45000.0
6410,6,0,3,3,5,4,0,1,0,1,2,112500.0
6417,5,0,19,3,1,3,0,0,0,2,3,12500.0
6428,8,0,1,1,5,3,0,2,0,3,2,225000.0
6443,6,0,0,4,4,4,1,0,0,2,4,1500.0
6446,5,0,0,3,5,1,8,2,0,0,3,12500.0
6451,4,1,1,3,0,0,1,2,2,0,3,65000.0
6452,2,1,1,3,3,1,0,0,0,0,4,27500.0
6458,6,0,4,3,5,5,7,2,0,2,2,45000.0
6460,2,0,1,2,1,1,3,2,1,0,2,45000.0
6473,2,0,0,4,2,1,1,1,1,1,3,2500.0
6474,3,0,0,5,4,6,2,2,2,0,1,35000.0
6481,4,0,1,2,4,2,10,2,1,0,2,175000.0
6496,5,0,9,4,4,1,1,0,0,0,6,12500.0
6503,8,1,1,3,5,2,4,2,0,2,3,35000.0
6504,1,1,6,3,0,0,2,1,0,1,2,1500.0
6505,4,0,13,3,0,0,14,2,0,2,1,137500.0
6507,5,0,1,1,1,1,12,2,0,2,3,2500.0
6513,5,0,16,3,3,0,5,2,0,2,2,35000.0
6516,7,0,0,3,4,1,6,2,0,0,2,8750.0
6522,4,1,7,4,4,6,1,0,0,0,3,6250.0
6527,4,0,2,3,4,1,8,2,2,1,1,65000.0
6529,3,0,0,3,1,0,9,2,0,2,3,55000.0
6531,1,0,6,2,3,0,7,0,0,1,2,500.0
6541,3,0,0,3,1,1,5,1,0,2,2,1500.0
6552,0,0,8,2,0,0,8,0,3,0,2,500.0
6560,9,0,2,4,5,5,1,2,2,0,3,55000.0
6589,0,0,5,2,1,1,0,0,0,0,3,8750.0
6602,3,0,5,3,4,1,14,0,0,3,3,500.0
6607,5,0,5,0,5,0,6,2,0,1,5,75000.0
6609,2,0,4,3,2,3,7,0,0,0,3,55000.0
6617,3,1,8,3,3,1,0,2,2,1,3,3500.0
6633,3,0,3,3,1,1,1,1,0,1,1,500.0
6638,6,0,1,5,3,3,1,2,2,0,2,22500.0
6642,4,0,3,3,1,0,3,2,0,3,4,65000.0
6656,0,0,8,1,2,1,14,0,0,1,3,500.0
6657,2,1,1,3,0,0,6,2,2,2,1,55000.0
6664,5,0,12,3,4,1,13,1,0,2,3,55000.0
6668,8,0,10,3,5,1,0,2,2,2,6,65000.0
6679,2,0,3,3,2,0,1,0,3,1,4,500.0
6681,1,1,15,3,1,2,0,2,0,0,3,35000.0
6689,4,0,2,4,3,4,2,2,2,0,1,55000.0
6702,6,0,2,3,5,3,6,2,3,3,6,45000.0
6704,1,0,5,4,2,1,1,2,2,1,3,1500.0
6709,5,0,4,3,3,5,4,2,0,3,1,137500.0
6711,3,0,0,3,2,0,5,0,0,1,1,1500.0
6714,7,1,2,2,0,1,1,2,0,0,3,3500.0
6728,2,0,1,3,4,2,5,1,0,1,3,65000.0
6729,2,2,6,2,3,2,0,0,0,1,6,35000.0
6735,3,0,0,3,0,0,8,2,3,3,3,17500.0
6740,4,1,13,2,1,0,2,2,0,2,3,6250.0
6750,6,0,5,1,5,0,0,2,3,1,2,27500.0
6756,9,0,3,3,3,0,7,1,0,3,4,137500.0
6762,2,0,4,3,3,5,2,2,2,0,5,175000.0
6771,9,0,3,3,5,3,4,2,1,1,5,225000.0
6772,3,0,3,3,3,3,10,2,2,0,6,75000.0
6773,1,0,5,1,2,1,7,0,0,2,4,500.0
6778,4,0,6,3,3,5,13,1,0,0,3,45000.0
6781,4,1,4,4,4,6,0,0,0,0,1,65000.0
6782,0,0,1,3,1,0,3,0,3,3,3,500.0
6784,5,0,2,4,5,6,0,0,0,3,3,500.0
6786,1,0,10,3,1,1,1,0,0,0,1,500.0
6790,8,0,6,3,4,0,1,2,2,1,4,55000.0
6799,2,0,9,4,3,4,0,2,2,0,2,55000.0
6800,1,0,9,3,0,0,15,2,0,2,2,12500.0
6802,4,0,1,3,3,1,4,2,0,0,2,45000.0
6803,2,0,10,3,1,0,11,2,2,2,2,22500.0
6804,5,0,10,3,0,0,0,2,2,2,2,17500.0
6823,8,0,12,3,4,0,0,0,0,3,1,500.0
6831,2,0,7,4,3,3,2,2,2,3,4,175000.0
6845,1,0,0,3,2,1,0,1,0,1,3,8750.0
6854,3,0,3,4,3,5,1,2,2,0,3,55000.0
6855,4,0,6,4,3,1,1,2,0,2,6,3500.0
6865,5,0,11,3,1,0,5,2,0,2,2,85000.0
6873,8,0,13,3,4,2,0,2,2,3,4,95000.0
6876,6,0,2,3,4,2,4,2,0,2,2,45000.0
6877,9,0,3,4,5,3,3,0,3,3,6,35000.0
6878,2,0,0,2,0,0,13,2,0,2,2,27500.0
6884,2,0,4,3,1,1,3,2,0,0,2,1500.0
6890,6,0,2,3,2,3,0,0,0,2,2,55000.0
6903,4,0,3,4,4,6,7,2,2,0,3,175000.0
6909,0,0,4,3,2,2,0,2,0,1,3,12500.0
6913,7,0,12,3,5,4,2,2,2,2,2,112500.0
6914,2,0,0,4,1,0,1,2,3,1,3,500.0
6917,2,0,5,3,2,4,4,2,0,0,2,35000.0
6930,4,0,1,3,1,0,2,1,0,3,1,55000.0
6942,1,0,6,2,3,2,0,0,0,1,3,27500.0
6946,2,0,3,3,0,0,13,2,0,0,2,45000.0
6952,6,0,2,3,4,5,2,2,0,0,2,55000.0
6965,4,0,0,3,0,0,8,2,3,0,1,17500.0
6966,3,0,11,4,3,5,14,2,1,1,2,112500.0
6974,6,0,2,3,0,0,1,0,3,2,1,27500.0
6975,6,0,2,3,5,2,15,2,2,1,2,65000.0
6984,7,0,1,4,4,6,2,0,0,0,3,85000.0
6985,0,0,6,3,1,2,4,0,0,0,2,12500.0
6998,4,1,4,3,3,5,4,0,0,0,3,175000.0
6999,3,0,3,3,1,0,15,2,3,2,2,95000.0
7019,7,0,0,3,5,2,1,1,3,0,4,17500.0
7028,7,0,5,3,4,1,10,2,0,3,3,35000.0
7036,2,0,0,3,4,5,7,2,2,0,2,12500.0
7039,6,0,0,4,1,1,0,2,0,1,1,35000.0
7054,4,0,11,3,3,2,2,2,2,1,3,112500.0
7064,3,2,16,3,5,5,0,2,2,1,4,112500.0
7067,2,0,0,3,4,5,0,0,0,1,2,85000.0
7071,5,0,3,3,1,0,7,1,0,0,1,85000.0
7077,4,0,12,3,4,3,11,2,0,0,5,65000.0
7079,6,0,7,4,5,6,7,0,0,0,7,85000.0
7085,2,0,5,4,4,1,3,2,2,0,5,35000.0
7088,4,0,0,3,1,0,11,2,2,2,3,55000.0
7095,4,1,15,4,2,3,5,2,2,0,2,65000.0
7098,3,0,4,3,3,0,7,2,0,1,3,27500.0
7113,2,0,0,4,0,0,3,0,0,0,1,500.0
7114,5,0,8,3,1,0,0,0,0,2,2,17500.0
7120,4,0,3,5,1,0,4,2,0,2,2,95000.0
7130,2,0,3,2,4,2,6,2,2,1,3,65000.0
7132,3,1,4,3,1,0,10,0,0,3,3,500.0
7134,8,0,4,4,3,1,3,0,0,3,2,35000.0
7135,5,1,2,4,5,7,3,0,0,3,2,112500.0
7140,3,0,0,3,4,2,0,1,0,0,4,22500.0
7145,3,2,7,4,2,4,11,2,2,0,1,75000.0
7146,8,0,17,4,5,4,4,0,0,0,4,55000.0
7156,4,0,17,4,1,0,1,2,0,0,1,85000.0
7161,3,0,3,3,4,3,0,0,0,1,4,2500.0
7170,9,0,12,2,4,2,6,2,0,2,1,45000.0
7173,3,1,0,3,1,0,2,2,2,2,3,8750.0
7183,4,0,4,4,4,1,12,2,2,1,3,95000.0
7184,2,0,4,3,2,2,5,2,0,1,4,85000.0
7192,4,0,2,3,4,5,3,2,0,1,3,112500.0
7195,5,0,1,4,4,5,1,2,1,0,2,35000.0
7209,6,0,18,5,4,4,1,2,0,0,5,85000.0
7211,3,1,0,3,4,5,0,1,0,2,3,95000.0
7213,3,0,1,3,0,0,0,0,0,2,2,55000.0
7214,5,0,6,3,1,0,2,2,2,0,2,35000.0
7216,6,1,4,3,4,0,2,2,1,2,3,55000.0
7218,5,0,15,4,5,6,0,2,0,1,2,500.0
7220,4,0,16,3,4,5,6,2,3,1,4,22500.0
7221,4,0,1,3,4,2,5,2,0,0,1,75000.0
7222,6,1,12,5,3,2,14,2,0,2,2,95000.0
7226,7,0,2,4,5,6,1,2,3,0,3,2500.0
7228,3,0,7,3,3,4,12,2,2,0,2,85000.0
7232,3,0,3,3,4,3,0,0,3,0,5,500.0
7236,3,0,8,3,2,3,3,2,2,0,1,65000.0
7241,6,0,5,0,5,2,0,0,0,1,7,35000.0
7255,4,0,6,4,3,1,0,2,2,0,5,1500.0
7272,4,0,5,2,1,2,17,2,2,2,2,45000.0
7277,2,0,14,3,1,1,0,1,0,0,1,27500.0
7281,9,0,7,5,5,5,1,2,2,3,4,225000.0
7293,4,0,6,3,3,4,9,2,2,0,1,45000.0
7302,4,0,1,3,3,0,0,2,0,2,3,95000.0
7310,2,0,0,3,0,0,2,2,1,3,2,17500.0
7312,1,1,0,2,1,1,2,2,1,2,1,500.0
7314,2,1,3,4,3,3,0,2,2,0,3,75000.0
7328,5,0,10,3,3,2,7,1,1,1,3,35000.0
7329,4,0,5,0,4,2,10,2,2,0,3,35000.0
7337,3,0,6,3,0,0,2,2,3,3,2,22500.0
7339,3,0,0,3,4,3,7,1,0,1,2,35000.0
7342,5,0,13,4,4,5,4,2,1,0,3,112500.0
7346,5,0,3,4,4,5,5,2,2,0,2,112500.0
7352,4,0,5,3,3,5,10,2,2,3,7,137500.0
7354,6,0,2,3,3,0,1,0,0,2,3,75000.0
7363,5,0,3,4,5,2,0,2,2,1,2,137500.0
7380,5,0,9,3,5,5,0,2,2,0,3,85000.0
7382,2,0,0,3,1,1,3,0,0,0,3,2500.0
7389,7,0,1,3,5,4,0,0,0,1,4,225000.0
7392,4,0,1,4,2,5,8,0,0,0,2,75000.0
7397,2,0,0,3,1,1,7,2,2,3,2,12500.0
7406,3,0,4,3,1,0,5,0,3,3,1,35000.0
7414,5,0,8,3,5,2,7,0,0,2,3,35000.0
7419,3,0,5,4,4,5,1,2,2,0,2,22500.0
7434,4,0,3,2,4,0,5,2,0,2,4,95000.0
7437,1,0,2,3,1,1,13,1,1,0,2,27500.0
7440,4,0,15,4,4,6,1,2,2,0,1,17500.0
7447,2,0,0,3,1,0,8,2,3,2,2,1500.0
7453,6,0,4,3,5,4,11,2,2,0,3,112500.0
7479,2,0,2,3,1,1,1,2,2,0,1,22500.0
7481,3,0,10,4,2,1,2,2,0,2,2,22500.0
7490,7,0,2,3,2,1,1,0,0,2,2,22500.0
7492,4,1,3,5,1,2,1,1,2,0,2,2500.0
7510,1,0,8,3,1,1,0,2,0,1,2,2500.0
7512,4,0,2,3,4,3,2,2,2,1,5,55000.0
7524,4,0,1,3,1,1,6,2,1,0,2,55000.0
7543,4,0,17,4,4,5,0,2,2,0,3,500.0
7547,6,0,7,2,2,0,4,2,1,1,2,112500.0
7549,3,0,5,4,4,5,1,2,2,0,2,22500.0
7552,3,0,5,3,4,4,7,0,0,0,2,27500.0
7558,4,0,9,4,2,4,0,2,0,0,1,45000.0
7559,6,0,7,3,0,0,5,1,0,2,2,3500.0
7561,6,0,3,2,4,4,14,2,0,3,4,112500.0
7569,2,0,4,3,2,2,4,1,0,0,1,45000.0
7577,3,0,5,3,3,4,13,1,2,0,3,65000.0
7582,7,0,3,3,5,2,5,2,3,0,3,137500.0
7584,5,0,0,0,5,1,7,0,0,1,4,2500.0
7585,3,0,0,3,3,1,10,2,0,2,2,3500.0
7586,6,0,0,3,5,1,12,0,0,0,4,3500.0
7591,4,0,1,2,1,1,6,2,0,2,3,55000.0
7598,9,0,3,5,3,4,4,2,0,3,1,400000.0
7618,4,0,4,3,1,0,1,0,0,0,1,1500.0
7631,5,0,5,3,4,6,1,0,0,1,1,27500.0
7649,2,0,5,2,1,1,3,0,3,0,5,1500.0
7651,9,0,14,3,2,3,1,2,0,3,1,45000.0
7656,3,0,8,3,1,0,9,2,2,2,2,35000.0
7667,3,0,0,3,0,0,6,2,3,2,1,45000.0
7696,1,0,0,3,1,2,0,0,0,1,5,4500.0
7705,0,1,8,2,3,2,0,0,0,1,6,500.0
7707,2,0,5,3,1,0,10,0,0,0,1,27500.0
7708,2,0,5,2,2,2,5,2,0,0,3,35000.0
7711,2,0,0,0,2,1,12,1,3,3,3,35000.0
7712,6,0,13,5,5,2,7,2,2,1,3,95000.0
7714,5,2,7,3,4,3,0,0,0,1,5,112500.0
7727,2,2,16,3,3,3,0,1,0,1,3,55000.0
7736,4,0,4,3,4,0,0,2,0,1,3,45000.0
7744,6,0,0,0,5,1,2,2,3,1,2,2500.0
7762,5,0,0,3,5,0,13,2,1,1,2,35000.0
7768,6,0,6,2,4,0,11,2,2,2,1,1500.0
7769,6,0,2,3,2,1,8,2,1,3,1,45000.0
7771,8,2,2,5,1,1,3,2,0,2,3,75000.0
7774,2,0,2,3,1,2,0,0,0,0,2,35000.0
7782,4,0,3,4,3,0,1,2,1,0,3,55000.0
7783,7,0,11,4,3,6,1,2,1,2,3,17500.0
7788,0,0,1,2,1,0,9,2,2,0,2,35000.0
7791,3,1,12,3,4,4,5,2,1,0,3,65000.0
7804,3,0,0,2,1,1,13,2,3,0,2,2500.0
7811,7,1,0,4,4,1,1,2,0,0,2,8750.0
7814,2,0,10,4,2,3,0,0,0,0,3,55000.0
7816,4,0,4,3,2,1,2,2,2,0,3,65000.0
7819,2,1,0,3,3,0,1,2,3,0,4,500.0
7830,4,0,3,5,4,5,4,2,2,0,2,112500.0
7832,9,0,5,3,1,3,5,0,3,3,1,95000.0
7842,4,1,0,2,4,4,2,0,0,0,1,500.0
7845,6,0,7,3,3,4,1,2,2,0,1,55000.0
7846,7,0,3,4,3,2,1,1,0,3,2,65000.0
7849,3,1,3,4,1,1,1,0,3,1,3,17500.0
7863,2,0,0,2,2,3,9,2,2,0,4,55000.0
7865,4,0,0,0,2,1,1,1,0,1,1,12500.0
7867,5,0,0,3,1,0,4,2,0,3,6,3500.0
7868,3,0,8,3,1,0,14,0,0,2,3,1500.0
7871,5,0,15,5,4,2,4,1,0,0,3,27500.0
7874,1,0,4,3,3,1,1,2,0,0,3,500.0
7890,3,0,9,3,1,0,3,2,0,0,1,22500.0
7891,3,0,1,3,2,2,5,2,0,3,3,55000.0
7895,7,0,5,4,5,2,1,2,1,0,4,35000.0
7902,4,0,6,3,3,2,8,1,0,1,2,17500.0
7903,2,0,4,4,2,4,0,1,1,1,3,75000.0
7907,2,0,2,4,1,1,12,0,0,0,3,45000.0
7909,1,0,0,4,2,1,4,0,0,0,5,4500.0
7913,7,0,2,3,3,1,0,2,0,2,5,65000.0
7918,5,0,2,3,5,2,10,1,0,1,4,55000.0
7928,3,0,1,3,3,0,0,2,0,1,3,55000.0
7934,7,0,4,4,5,5,1,2,2,0,2,45000.0
7936,4,0,6,1,5,1,7,2,1,1,2,55000.0
7939,8,1,3,3,4,4,2,1,0,1,4,55000.0
7949,9,0,4,3,5,0,2,1,0,0,5,65000.0
7971,2,2,3,4,4,4,1,2,2,3,1,17500.0
7990,6,0,0,3,3,2,15,2,3,1,1,500.0
8013,2,0,11,3,2,2,0,2,0,0,1,55000.0
8014,4,1,15,3,2,1,6,0,0,1,3,500.0
8017,0,0,1,2,3,2,2,1,3,1,6,45000.0
8019,5,0,13,3,3,3,8,1,0,0,4,112500.0
8033,8,0,14,3,0,0,11,0,0,3,1,22500.0
8035,3,0,3,3,2,2,9,2,2,0,3,55000.0
8036,4,0,3,3,1,1,7,2,0,2,2,6250.0
8044,3,0,2,3,2,4,8,2,1,3,2,75000.0
8045,3,0,2,3,2,3,3,0,0,2,2,55000.0
8051,5,0,12,3,3,0,4,2,0,1,6,45000.0
8053,4,0,11,1,4,1,11,2,0,2,2,55000.0
8057,7,0,11,2,4,0,10,2,2,2,3,85000.0
8061,2,0,5,2,1,1,0,1,0,0,1,1500.0
8063,2,0,5,3,2,4,0,2,0,0,1,27500.0
8064,2,0,10,4,1,0,1,0,0,3,2,500.0
8069,1,0,6,3,1,1,2,1,0,1,3,27500.0
8084,3,0,9,3,3,4,5,2,2,1,5,55000.0
8089,6,0,4,5,5,1,0,0,3,1,6,3500.0
8097,1,0,0,3,2,0,5,0,3,0,3,1500.0
8099,0,0,0,2,1,0,0,2,0,1,3,500.0
8101,7,0,9,4,5,5,1,1,2,0,1,35000.0
8104,2,0,5,3,1,1,0,2,0,1,3,27500.0
8108,3,0,2,3,2,0,0,0,0,2,3,4500.0
8111,8,0,14,3,5,4,4,0,3,3,4,4500.0
8112,3,0,16,3,4,3,0,0,0,1,4,65000.0
8122,2,0,0,2,0,0,1,0,3,0,1,3500.0
8127,1,0,8,3,1,1,0,2,0,1,2,12500.0
8146,8,0,13,3,0,0,4,2,2,3,1,225000.0
8156,6,0,12,3,5,1,4,0,3,3,3,85000.0
8172,3,1,0,3,3,0,1,2,0,0,1,500.0
8173,3,0,1,3,4,5,2,0,0,0,2,112500.0
8179,5,0,0,5,2,0,2,2,0,2,3,4500.0
8186,3,0,3,3,3,4,3,1,1,0,3,95000.0
8188,1,0,0,2,0,1,7,1,0,0,2,500.0
8190,3,1,3,4,1,0,1,1,2,0,1,35000.0
8214,5,0,2,4,4,0,1,0,3,0,2,22500.0
8215,8,0,2,3,5,5,6,2,0,1,1,75000.0
8219,4,0,17,3,1,0,9,2,3,2,3,3500.0
8220,4,0,3,4,3,2,3,2,2,1,4,85000.0
8235,0,0,8,2,1,0,3,0,3,0,2,500.0
8239,2,0,11,4,3,4,5,2,2,0,2,85000.0
8259,4,0,13,1,3,3,8,1,0,2,2,112500.0
8261,7,1,1,1,5,0,3,2,0,2,2,55000.0
8269,2,0,16,3,4,2,0,0,0,1,3,175000.0
8272,6,0,2,2,2,5,0,2,0,1,3,75000.0
8275,1,0,0,3,0,0,1,2,2,1,1,500.0
8280,7,0,0,3,1,2,0,2,0,2,1,45000.0
8284,4,0,2,4,5,6,2,1,1,1,4,95000.0
8285,2,0,3,3,1,1,0,0,0,2,3,500.0
8286,4,0,7,4,4,4,14,2,2,1,3,112500.0
8306,3,0,3,4,4,5,1,2,2,0,4,75000.0
8309,2,0,4,3,3,5,15,2,1,1,1,45000.0
8312,1,1,16,3,1,1,14,2,0,1,2,22500.0
8318,2,0,0,3,2,0,6,2,0,2,2,12500.0
8319,4,1,4,4,4,3,0,1,0,0,3,85000.0
8324,5,0,7,2,2,0,3,2,0,3,3,45000.0
8326,7,0,2,0,0,0,3,0,3,2,1,2500.0
8327,4,0,1,3,5,7,11,2,1,0,3,85000.0
8331,3,0,6,3,2,3,14,1,0,0,4,27500.0
8345,3,1,3,3,3,0,1,2,0,0,2,55000.0
8347,7,0,1,3,5,5,0,2,2,1,3,400000.0
8348,8,1,4,3,2,0,2,2,0,2,1,65000.0
8355,5,0,5,4,5,5,2,0,0,0,4,55000.0
8362,1,0,4,3,2,2,10,2,2,0,3,45000.0
8364,4,0,4,3,4,0,0,2,2,1,5,137500.0
8367,2,0,5,4,2,2,1,2,2,1,2,1500.0
8369,8,0,6,5,5,7,1,2,0,0,1,27500.0
8375,3,1,3,3,4,3,16,0,2,3,4,55000.0
8383,3,0,3,3,1,0,7,2,2,0,2,75000.0
8396,8,0,9,4,0,1,2,0,0,2,1,35000.0
8397,2,0,2,3,3,0,5,1,0,3,6,3500.0
8398,5,0,2,3,1,0,3,1,0,3,2,35000.0
8402,4,0,4,3,1,1,2,2,0,1,4,22500.0
8410,6,1,1,4,1,2,1,2,0,0,1,45000.0
8417,4,0,5,3,1,2,2,2,1,2,2,35000.0
8418,5,0,11,3,4,5,10,2,2,0,4,75000.0
8419,6,0,1,2,1,1,2,2,2,2,2,137500.0
8422,2,0,4,3,2,3,0,0,1,0,2,55000.0
8430,4,0,3,1,2,2,14,1,0,1,5,2500.0
8439,7,0,2,3,2,0,4,0,3,2,2,45000.0
8443,3,0,0,3,1,0,12,1,0,2,2,8750.0
8445,5,0,0,3,2,4,1,2,2,2,2,65000.0
8454,8,0,11,4,3,5,1,2,1,0,3,45000.0
8457,1,0,6,3,3,0,0,2,2,0,6,27500.0
8460,6,0,1,3,1,0,11,2,2,1,2,95000.0
8462,2,0,2,1,0,0,6,0,3,2,1,27500.0
8464,2,0,1,3,3,1,0,0,3,1,3,55000.0
8470,9,0,4,0,3,0,4,2,3,1,2,65000.0
8472,2,0,4,3,3,1,7,1,0,0,6,55000.0
8473,8,0,2,4,1,4,3,1,0,0,2,3500.0
8474,5,0,12,4,4,4,8,2,0,0,5,112500.0
8475,3,0,6,3,3,2,4,0,0,1,5,45000.0
8479,8,0,1,3,5,7,17,2,2,0,3,112500.0
8480,1,0,18,3,1,0,17,2,3,2,3,1500.0
8481,6,0,2,3,4,0,0,2,0,2,5,65000.0
8483,6,0,14,3,5,7,3,1,1,3,1,137500.0
8484,6,0,2,4,5,2,1,2,3,3,4,500.0
8487,7,0,2,3,5,5,2,2,0,2,3,225000.0
8493,3,0,10,3,1,1,8,1,0,3,1,1500.0
8500,4,0,1,3,1,2,5,2,2,2,1,85000.0
8520,5,0,3,3,4,5,3,2,2,2,2,112500.0
8523,8,0,4,4,5,5,3,2,2,1,3,6250.0
8524,3,0,3,3,0,0,5,1,0,2,2,55000.0
8526,2,0,3,3,1,0,10,0,0,1,6,500.0
8530,3,1,0,3,0,0,13,1,3,2,2,1500.0
8536,3,1,1,2,1,2,0,2,2,1,2,45000.0
8537,2,0,8,4,1,2,1,2,0,0,3,500.0
8546,6,0,12,3,3,0,4,2,1,2,1,85000.0
8553,3,0,6,3,4,5,1,2,0,0,2,55000.0
8555,3,1,4,4,3,4,8,0,3,0,1,1500.0
8561,4,0,8,3,1,0,13,2,3,2,3,45000.0
8564,9,0,1,2,5,0,12,0,3,2,3,27500.0
8571,8,0,6,1,2,2,8,0,0,2,2,12500.0
8581,3,1,1,3,3,3,14,2,2,1,2,137500.0
8585,8,0,2,3,4,0,5,0,3,1,2,35000.0
8586,3,0,11,4,2,3,8,1,0,0,1,75000.0
8588,4,0,3,3,4,6,7,2,1,3,2,175000.0
8590,4,0,5,0,0,0,3,2,3,1,1,27500.0
8593,0,0,4,3,2,0,12,2,0,1,2,500.0
8594,5,0,3,4,4,5,2,2,1,0,2,112500.0
8600,2,1,18,4,1,0,1,1,0,0,1,2500.0
8602,0,0,0,2,1,1,16,0,3,0,3,500.0
8605,3,0,2,0,3,4,9,0,3,1,7,500.0
8610,0,1,5,3,1,0,17,2,0,2,1,500.0
8611,2,2,4,3,2,1,1,1,0,0,3,35000.0
8615,7,0,13,4,4,7,1,2,1,3,1,175000.0
8622,2,0,5,4,4,3,1,2,0,0,3,1500.0
8626,6,0,19,4,4,4,0,0,0,2,2,35000.0
8636,6,0,1,3,0,0,4,0,0,2,2,27500.0
8638,3,0,10,3,0,2,0,0,0,2,3,500.0
8639,1,2,1,3,2,1,1,0,0,1,1,45000.0
8648,3,0,6,3,3,4,4,0,0,0,2,27500.0
8649,3,0,4,3,1,0,6,2,0,3,2,35000.0
8658,6,0,5,3,5,0,6,2,1,1,7,35000.0
8668,5,0,4,3,4,6,3,0,0,0,3,65000.0
8673,2,0,6,3,2,1,0,1,2,1,2,2500.0
8680,4,0,3,4,2,1,7,1,2,0,2,95000.0
8681,5,0,4,3,4,5,0,0,2,1,4,85000.0
8686,9,0,11,3,3,3,1,2,0,0,2,500.0
8692,1,0,0,3,3,3,4,1,2,0,2,12500.0
8693,8,0,10,3,5,0,3,2,0,2,2,112500.0
8695,1,0,1,3,1,1,2,1,0,0,2,85000.0
8696,8,0,3,3,1,0,3,1,0,3,1,137500.0
8697,4,0,2,4,1,1,15,0,3,3,4,35000.0
8698,2,0,3,3,2,2,7,1,0,1,3,45000.0
8701,3,0,0,1,0,0,5,1,0,1,3,12500.0
8703,3,0,0,3,3,0,6,2,0,1,4,55000.0
8712,3,0,1,3,4,1,2,1,3,1,4,45000.0
8718,5,1,4,3,4,5,13,2,2,2,3,112500.0
8728,8,0,2,4,5,7,1,2,0,2,2,55000.0
8729,0,0,8,2,1,2,2,0,0,0,3,400000.0
8730,5,0,0,3,1,0,13,2,1,0,2,55000.0
8742,5,0,1,2,1,0,3,2,0,2,3,35000.0
8744,7,0,11,4,5,4,1,2,0,3,3,112500.0
8748,9,0,7,3,3,1,2,2,2,3,4,55000.0
8752,2,0,3,2,3,4,10,2,0,3,3,85000.0
8760,5,0,18,3,3,4,8,1,0,2,6,45000.0
8764,5,1,4,3,5,0,4,0,3,0,4,27500.0
8768,3,1,10,4,3,2,1,2,0,0,3,12500.0
8775,3,0,6,3,1,1,2,2,1,0,2,27500.0
8786,6,0,0,3,5,5,0,0,0,2,2,112500.0
8791,2,2,0,3,4,2,4,0,1,0,2,17500.0
8793,5,0,0,3,1,2,2,0,0,0,2,112500.0
8794,6,0,2,3,1,1,3,0,0,3,4,112500.0
8798,4,0,5,4,3,5,17,2,2,0,4,85000.0
8803,4,1,3,3,2,3,7,1,0,2,2,75000.0
8810,9,0,3,5,5,7,4,0,3,0,4,500.0
8812,2,0,0,3,1,2,6,2,2,2,2,22500.0
8815,2,1,4,3,1,1,1,0,0,2,1,1500.0
8827,2,0,1,4,3,0,0,1,3,1,2,95000.0
8829,2,0,0,3,0,0,0,2,3,3,1,8750.0
8831,1,2,0,3,3,3,7,2,2,0,5,27500.0
8832,8,0,5,4,4,6,4,2,3,0,2,22500.0
8839,2,1,1,4,1,0,0,0,2,0,1,85000.0
8841,2,0,0,3,1,1,0,0,0,2,2,175000.0
8843,4,1,15,3,3,5,0,2,0,0,4,27500.0
8845,2,0,1,2,3,0,0,2,2,1,2,35000.0
8851,2,2,4,4,4,5,3,0,0,1,3,35000.0
8856,4,0,7,3,1,0,6,2,2,2,2,65000.0
8860,4,1,16,4,3,5,0,1,0,1,2,27500.0
8864,2,0,14,3,2,2,8,0,0,0,2,35000.0
8866,6,0,2,5,2,4,11,2,2,3,1,65000.0
8876,2,0,3,3,1,1,5,2,2,1,1,55000.0
8887,2,0,2,1,2,1,14,2,0,0,2,85000.0
8892,2,0,1,2,1,1,3,2,2,2,2,55000.0
8898,7,0,2,3,5,1,6,1,3,1,5,65000.0
8901,5,0,1,5,4,2,2,2,2,2,3,75000.0
8909,4,2,16,3,4,3,12,2,2,2,4,55000.0
8910,5,0,4,3,2,4,12,1,0,0,1,55000.0
8913,4,0,0,3,3,0,14,2,0,2,2,22500.0
8918,5,0,15,3,0,1,3,2,3,3,1,17500.0
8922,6,0,1,4,2,2,6,2,3,1,3,45000.0
8928,7,0,0,3,5,0,5,2,0,2,2,17500.0
8931,6,0,3,4,4,6,0,2,0,0,2,137500.0
8937,1,0,9,2,0,0,11,2,2,3,1,8750.0
8940,5,0,0,1,0,0,13,0,0,2,2,17500.0
8947,2,0,5,2,2,0,1,1,0,1,5,500.0
8960,7,0,15,4,5,1,1,2,0,0,3,35000.0
8969,6,0,15,3,2,0,13,2,0,2,3,17500.0
8975,6,0,1,3,0,0,9,2,2,3,1,65000.0
8993,5,0,3,4,5,6,1,1,2,3,4,65000.0
8999,3,2,5,3,3,2,0,2,0,3,4,22500.0
9002,3,0,8,4,0,0,1,1,1,0,1,4500.0
9016,6,0,2,3,5,2,11,2,1,2,3,65000.0
9025,3,0,0,2,0,0,13,0,3,0,2,17500.0
9028,0,0,0,2,1,0,1,2,0,1,2,2500.0
9029,5,0,0,3,4,2,4,1,0,0,5,85000.0
9047,6,1,1,1,0,0,5,2,2,0,2,35000.0
9061,1,0,8,3,3,1,0,0,0,1,1,1500.0
9079,5,0,13,4,5,6,0,2,2,2,1,137500.0
9087,4,0,2,3,1,0,5,2,2,2,1,85000.0
9091,9,0,12,2,5,3,6,2,0,2,1,55000.0
9097,4,0,4,2,2,0,6,2,3,2,1,1500.0
9100,6,0,4,4,4,4,1,2,0,0,5,75000.0
9103,2,0,7,3,2,3,4,0,0,0,3,45000.0
9117,5,0,3,4,4,5,0,0,0,1,1,95000.0
9120,2,0,4,3,2,1,8,0,0,1,3,45000.0
9125,6,1,1,3,1,2,0,2,2,3,1,112500.0
9138,9,0,1,2,5,2,2,2,2,1,2,95000.0
9140,2,0,4,3,1,1,11,2,2,0,2,45000.0
9142,7,0,2,4,5,7,1,2,2,0,4,65000.0
9143,4,0,0,0,4,0,2,0,0,1,2,22500.0
9146,7,0,7,3,1,1,11,0,0,2,2,112500.0
9147,3,0,5,3,3,0,5,0,0,1,2,35000.0
9150,4,0,0,3,1,1,0,0,0,1,4,6250.0
9154,3,0,0,3,1,0,5,2,0,3,2,12500.0
9159,6,0,5,2,0,0,0,2,2,2,1,55000.0
9164,5,0,1,1,4,5,5,2,2,1,4,137500.0
9166,8,0,2,2,5,1,0,2,2,1,2,55000.0
9174,6,0,7,3,5,4,8,0,0,1,7,112500.0
9179,2,0,1,2,2,1,11,2,2,0,2,65000.0
9187,2,0,4,5,1,1,1,2,0,0,7,17500.0
9193,2,0,14,2,2,1,1,0,0,1,1,500.0
9195,9,0,12,3,5,4,8,0,0,0,5,17500.0
9198,3,0,2,3,0,0,6,2,3,2,1,45000.0
9202,2,1,10,3,0,1,0,0,0,0,3,8750.0
9204,4,0,5,4,3,5,1,1,0,0,2,22500.0
9216,4,0,2,4,3,1,2,2,0,1,1,35000.0
9228,8,0,2,4,5,5,1,0,0,0,3,112500.0
9248,5,0,0,4,5,7,8,2,1,0,6,35000.0
9249,4,1,3,4,2,1,7,2,2,2,3,65000.0
9261,4,0,19,3,3,1,14,0,0,1,3,55000.0
9264,8,0,7,3,5,5,6,2,2,0,3,500.0
9266,3,0,9,2,1,2,9,2,0,0,2,55000.0
9267,2,0,0,3,3,2,9,2,2,2,2,17500.0
9274,3,0,5,4,3,4,1,0,3,0,4,17500.0
9275,6,0,5,3,5,4,0,0,0,0,4,85000.0
9285,4,0,4,2,2,0,5,2,0,0,2,17500.0
9304,2,0,16,3,3,5,7,1,2,1,5,137500.0
9310,4,0,2,4,4,3,7,2,0,1,5,2500.0
9314,4,0,0,3,0,0,2,0,0,2,2,22500.0
9318,2,0,2,2,1,0,16,0,3,1,5,500.0
9322,5,0,1,3,2,0,6,2,1,2,2,65000.0
9326,7,0,5,3,3,3,2,2,2,3,2,55000.0
9333,6,0,10,3,5,3,0,1,0,1,1,95000.0
9334,4,0,5,4,4,6,5,2,0,3,2,112500.0
9337,1,0,4,3,2,1,17,1,0,0,2,55000.0
9340,5,0,13,4,5,6,4,2,2,0,3,275000.0
9342,9,0,4,3,5,5,0,2,0,0,3,55000.0
9345,6,0,3,3,5,5,0,2,2,1,3,137500.0
9361,1,0,2,4,1,2,4,2,0,0,2,1500.0
9363,2,0,5,5,3,3,1,0,0,0,2,22500.0
9369,5,0,18,4,4,6,0,2,2,3,4,75000.0
9373,9,0,0,2,5,0,7,0,0,1,3,17500.0
9374,3,1,3,3,3,3,1,2,2,0,2,65000.0
9383,7,0,18,3,5,4,10,2,2,0,6,112500.0
9393,3,0,3,3,3,3,3,2,1,2,1,85000.0
9394,4,0,12,3,3,3,4,2,0,0,2,65000.0
9397,3,0,0,3,2,2,1,0,3,0,3,4500.0
9399,2,0,2,2,3,2,11,2,0,1,1,85000.0
9401,4,0,12,3,4,0,7,2,2,1,4,75000.0
9407,4,0,2,3,4,6,2,1,2,0,2,75000.0
9417,4,1,2,3,3,4,7,0,0,2,4,55000.0
9420,8,0,7,2,5,3,6,2,1,1,3,85000.0
9421,7,0,4,1,4,0,2,0,3,2,1,1500.0
9426,2,0,0,2,0,0,1,2,0,0,1,500.0
9428,2,0,1,3,2,2,4,1,0,2,1,45000.0
9431,8,0,5,0,5,6,7,2,0,1,5,45000.0
9439,2,0,14,3,2,3,8,2,1,0,1,55000.0
9442,5,1,0,3,4,5,1,1,0,1,5,500.0
9448,5,1,3,4,1,1,1,2,2,2,2,2500.0
9450,7,0,5,3,5,4,0,2,0,2,4,45000.0
9453,1,0,0,4,0,0,9,1,0,0,1,1500.0
9460,2,0,1,3,3,2,0,2,2,0,5,95000.0
9463,9,0,3,3,5,6,10,2,3,2,2,137500.0
9464,5,0,6,3,2,6,10,0,1,0,1,35000.0
9472,3,0,1,1,1,0,6,2,1,2,2,35000.0
9474,4,0,4,3,3,0,5,2,0,0,2,45000.0
9475,4,0,15,3,1,0,14,0,0,2,1,27500.0
9486,2,0,4,3,1,1,6,1,0,0,3,2500.0
9505,6,0,14,3,2,3,5,2,3,2,2,112500.0
9512,8,0,0,4,5,1,0,2,0,0,3,17500.0
9514,6,0,2,2,3,0,2,1,0,2,1,45000.0
9515,7,0,5,3,5,7,2,2,3,1,5,137500.0
9523,2,1,1,3,3,4,4,2,1,0,3,112500.0
9526,3,0,0,3,1,0,6,1,0,2,2,1500.0
9538,2,0,2,3,2,1,1,2,0,0,2,500.0
9547,3,0,0,3,1,2,0,0,1,1,5,17500.0
9554,7,0,16,3,4,1,9,2,0,1,4,500.0
9556,7,0,16,3,1,0,12,2,0,2,1,27500.0
9565,8,0,4,3,3,4,4,0,0,0,2,500.0
9568,5,2,1,3,0,0,6,2,2,2,1,45000.0
9570,2,0,10,3,1,0,8,2,3,3,2,22500.0
9572,7,0,2,3,1,1,2,2,2,2,3,85000.0
9573,6,0,0,5,2,0,1,1,0,0,2,500.0
9574,1,0,6,2,2,1,0,2,1,1,2,500.0
9575,5,0,5,3,1,6,3,2,0,0,2,45000.0
9579,4,1,1,4,4,5,8,2,0,0,3,95000.0
9580,8,0,1,4,5,6,10,2,2,0,3,75000.0
9590,4,0,7,3,5,6,9,2,0,0,2,112500.0
9591,3,0,1,4,3,4,2,0,0,3,1,17500.0
9594,2,0,7,3,3,4,3,0,0,2,3,45000.0
9618,5,0,7,4,4,6,9,2,1,0,3,112500.0
9620,9,0,14,0,2,2,2,1,0,3,1,17500.0
9630,9,0,2,4,2,1,6,2,1,0,2,65000.0
9631,2,0,0,3,2,3,0,2,2,0,1,35000.0
9636,6,0,1,3,5,7,11,2,1,0,3,112500.0
9639,7,0,1,1,5,0,5,1,0,1,4,500.0
9642,2,0,1,3,0,0,10,2,2,0,3,55000.0
9657,6,1,2,4,2,3,6,2,0,2,2,35000.0
9658,1,0,0,3,1,0,1,1,0,2,3,500.0
9671,2,0,1,3,1,3,2,2,2,0,2,137500.0
9674,6,0,2,3,4,4,4,2,0,0,2,55000.0
9677,3,0,1,1,1,0,0,1,0,2,2,65000.0
9683,4,0,5,4,4,6,6,2,2,0,1,55000.0
9684,3,0,8,3,3,2,9,2,2,0,1,27500.0
9686,5,0,5,2,5,6,7,0,0,0,5,65000.0
9688,4,1,1,4,2,3,1,0,3,2,1,1500.0
9694,1,0,19,2,1,1,14,1,0,0,2,17500.0
9700,4,0,12,4,4,3,11,2,0,0,2,75000.0
9706,3,0,0,2,3,1,2,0,0,2,2,17500.0
9712,4,0,0,1,4,1,8,0,0,1,3,500.0
9731,1,0,18,5,1,2,8,2,1,1,1,500.0
9742,2,0,1,4,3,2,15,2,0,0,1,85000.0
9745,4,0,0,3,1,1,8,0,0,3,1,17500.0
9751,4,0,8,3,3,4,9,2,2,0,4,35000.0
9767,2,0,1,3,2,5,11,2,2,0,1,65000.0
9769,6,0,5,2,3,1,8,2,0,2,1,65000.0
9772,2,0,0,3,0,0,6,1,3,2,1,6250.0
9787,5,1,1,4,4,2,0,0,0,0,1,85000.0
9790,3,0,18,4,3,5,0,1,2,0,1,175000.0
9792,6,0,5,4,5,7,4,2,2,0,3,55000.0
9794,3,0,5,3,3,5,5,2,0,0,3,85000.0
9800,2,2,16,4,2,1,1,0,0,0,3,6250.0
9809,4,0,3,3,4,2,10,2,2,3,3,85000.0
9814,7,0,4,3,0,0,1,2,2,0,1,112500.0
9833,4,0,0,3,4,1,0,0,3,1,5,35000.0
9836,4,0,2,4,4,5,1,2,0,0,3,45000.0
9846,3,0,2,0,1,0,1,0,3,1,2,500.0
9860,5,0,7,4,4,5,0,2,2,3,4,112500.0
9862,6,0,4,2,5,2,3,2,1,3,3,75000.0
9871,8,0,0,3,2,3,2,2,2,2,2,22500.0
9875,4,0,3,4,3,4,3,2,3,0,2,85000.0
9877,3,0,1,4,1,0,0,2,2,0,1,75000.0
9882,2,0,4,5,1,1,12,2,0,0,1,22500.0
9886,5,0,5,3,4,3,1,2,0,0,5,22500.0
9891,0,0,0,2,2,2,13,2,2,1,2,6250.0
9900,4,0,7,4,2,0,1,2,2,0,2,2500.0
9902,1,0,1,3,1,2,0,1,1,1,1,65000.0
9905,5,0,3,0,1,0,5,2,0,3,2,95000.0
9909,5,0,0,3,4,2,3,0,3,0,2,2500.0
9927,3,0,14,3,3,0,0,2,2,1,3,17500.0
9933,2,1,1,3,3,1,1,0,3,0,4,1500.0
9936,2,0,0,2,0,0,3,2,3,0,2,1500.0
9947,5,0,0,3,1,2,0,2,0,3,5,1500.0
9956,0,0,2,2,2,2,6,1,0,0,7,35000.0
9961,4,1,13,4,4,5,8,0,0,0,3,95000.0
9976,3,0,8,3,3,2,1,0,0,0,2,500.0
9978,4,0,5,3,3,3,3,2,2,2,2,55000.0
9993,3,0,2,4,3,0,1,1,3,0,2,35000.0
9996,1,1,4,3,2,1,5,2,0,2,3,45000.0
9997,4,0,0,2,5,0,0,0,3,1,6,17500.0
9999,1,0,15,3,2,0,2,2,1,1,1,500.0
10007,7,0,2,1,3,2,11,1,3,3,1,65000.0
10015,3,0,3,3,4,4,4,2,0,0,2,45000.0
10016,3,0,1,2,2,4,6,2,1,0,2,75000.0
10018,4,0,6,4,2,1,4,2,2,0,5,4500.0
10026,3,0,6,2,2,2,0,0,1,0,2,35000.0
10027,2,0,2,3,3,2,2,2,2,0,2,55000.0
10030,3,0,19,2,3,1,0,1,3,1,2,45000.0
10034,2,1,6,3,2,0,0,0,0,1,2,27500.0
10039,1,1,16,3,3,3,0,0,0,1,2,12500.0
10043,4,1,4,4,0,0,1,0,0,0,2,500.0
10044,7,0,4,3,0,0,0,0,0,2,2,2500.0
10058,3,0,6,2,1,0,2,2,1,2,2,22500.0
10061,4,0,2,4,2,5,1,0,0,1,4,17500.0
10065,3,0,6,3,4,4,0,2,2,2,3,35000.0
10066,3,0,2,3,0,0,5,1,0,3,2,45000.0
10067,2,0,3,4,3,3,1,2,3,0,5,27500.0
10087,5,0,3,4,3,5,0,2,2,3,1,137500.0
10098,2,0,0,3,2,0,15,1,3,1,2,22500.0
10107,6,0,0,3,5,2,0,2,3,1,2,2500.0
10108,1,0,4,3,2,1,12,2,2,0,4,45000.0
10115,4,0,2,2,4,0,6,2,2,1,4,45000.0
10120,6,0,19,4,4,7,1,1,0,0,1,1500.0
10121,2,0,9,3,3,2,7,2,0,1,1,45000.0
10126,4,0,11,3,1,0,8,2,2,2,1,112500.0
10128,4,0,1,4,4,4,1,2,0,0,2,22500.0
10130,0,0,12,3,1,1,0,0,3,1,4,500.0
10132,2,0,5,3,3,3,0,0,1,0,5,35000.0
10142,5,0,1,3,4,0,6,1,1,1,4,8750.0
10143,3,0,1,3,3,5,0,2,2,0,2,225000.0
10145,8,0,2,4,5,7,1,2,0,0,6,55000.0
10149,6,0,1,2,4,4,0,2,0,1,2,137500.0
10150,7,0,2,2,5,0,13,0,3,3,2,55000.0
10152,2,0,15,3,2,1,0,0,0,1,5,500.0
10156,2,0,6,3,1,0,14,1,0,0,2,1500.0
10163,4,0,4,3,2,2,3,2,2,0,2,65000.0
10167,3,0,2,3,0,0,3,2,0,2,2,45000.0
10170,1,0,4,3,1,0,14,1,3,2,2,12500.0
10175,3,0,4,3,3,5,15,2,0,0,4,35000.0
10179,6,0,5,3,5,5,0,1,0,2,4,112500.0
10183,4,0,17,3,0,0,1,0,0,1,1,4500.0
10199,1,0,2,3,1,1,2,2,0,1,2,1500.0
10210,4,0,11,3,1,2,2,0,0,2,2,55000.0
10217,8,0,13,4,5,6,1,2,2,0,2,1500.0
10223,2,0,4,3,0,1,5,2,0,2,3,4500.0
10226,2,0,13,3,1,1,5,1,0,0,2,75000.0
10238,2,0,4,3,0,0,7,0,0,2,2,500.0
10239,6,0,1,3,1,2,6,2,0,3,3,22500.0
10249,3,0,2,3,2,5,4,0,0,1,2,112500.0
10253,2,0,1,3,3,3,7,2,0,1,2,85000.0
10259,6,0,10,3,1,1,6,0,3,2,3,12500.0
10266,6,0,7,3,4,4,8,0,0,1,6,85000.0
10272,5,0,2,5,5,5,11,2,2,1,2,75000.0
10280,2,0,5,0,0,0,2,1,3,3,1,22500.0
10282,4,0,0,3,4,3,9,1,3,1,1,17500.0
10300,4,0,1,3,5,1,2,2,2,2,3,225000.0
10306,2,1,4,3,1,1,17,1,0,0,2,55000.0
10309,3,0,6,4,2,2,0,2,2,1,2,55000.0
10313,9,0,1,3,5,7,0,2,2,2,3,95000.0
10318,3,0,5,4,4,5,10,2,2,0,2,35000.0
10319,7,0,1,3,1,1,13,1,0,0,1,35000.0
10320,5,0,14,3,4,6,10,2,1,3,3,95000.0
10321,5,1,5,4,4,6,0,2,0,1,4,55000.0
10325,3,0,0,4,4,5,1,1,2,0,2,75000.0
10334,2,0,2,3,3,5,8,2,2,1,1,45000.0
10336,2,0,8,3,0,0,2,0,3,0,2,500.0
10338,4,0,3,2,2,1,11,0,3,2,1,12500.0
10343,1,0,0,3,2,1,1,0,0,0,3,3500.0
10356,4,0,2,4,4,5,8,2,1,0,2,75000.0
10359,0,0,0,2,1,1,1,0,3,0,1,500.0
10361,1,0,0,3,1,0,0,2,0,1,4,12500.0
10377,2,0,10,3,0,1,1,0,3,0,1,17500.0
10378,2,1,3,2,1,0,2,2,2,2,2,1500.0
10387,1,1,8,3,0,0,13,0,3,3,2,500.0
10388,8,1,1,4,5,2,1,2,2,1,3,45000.0
10392,7,1,5,3,5,5,6,2,0,0,4,45000.0
10406,1,1,1,3,1,1,4,2,0,2,2,35000.0
10409,5,0,1,4,5,3,4,0,3,0,1,65000.0
10420,9,0,13,4,5,0,0,2,2,3,1,175000.0
10424,8,0,7,3,3,5,16,2,1,0,3,85000.0
10425,0,0,0,3,0,0,14,2,2,2,2,12500.0
10436,2,1,1,3,1,2,15,2,2,1,2,45000.0
10438,6,1,7,3,5,2,0,0,0,0,3,45000.0
10447,5,0,2,3,4,5,7,2,2,3,1,137500.0
10454,6,1,2,1,1,6,0,2,2,2,3,27500.0
10462,2,0,1,3,0,0,14,0,0,0,2,27500.0
10472,6,0,5,4,5,2,1,2,3,0,5,55000.0
10475,2,1,17,3,0,0,2,2,2,2,1,137500.0
10487,9,0,1,3,5,1,2,2,0,2,2,95000.0
10490,3,0,3,3,2,1,14,2,3,3,2,500.0
10503,9,0,3,4,4,1,1,0,3,3,2,500.0
10521,4,0,7,3,4,0,2,2,0,1,5,65000.0
10536,7,0,1,4,5,6,1,2,0,0,3,55000.0
10539,2,0,3,4,3,3,1,2,2,0,2,45000.0
10551,8,0,8,5,5,0,1,2,0,0,3,4500.0
10557,3,0,3,2,3,4,10,2,0,1,3,6250.0
10560,4,0,0,4,3,1,1,2,0,0,3,22500.0
10565,6,1,9,3,3,1,0,2,1,2,2,45000.0
10574,7,0,6,4,5,0,1,2,2,0,5,225000.0
10578,2,0,15,3,2,2,2,2,2,0,3,1500.0
10579,2,1,5,3,3,5,5,0,1,0,2,35000.0
10583,1,0,2,3,2,1,14,0,0,0,4,35000.0
10585,3,0,1,1,3,5,11,1,0,0,4,95000.0
10590,4,1,0,4,2,4,1,2,2,0,2,12500.0
10598,3,0,3,3,2,2,11,0,0,1,4,65000.0
10600,5,0,8,4,0,1,16,0,3,3,1,12500.0
10606,1,0,2,2,2,1,17,1,3,1,5,22500.0
10612,3,0,2,3,1,0,0,0,0,1,2,175000.0
10614,4,0,8,2,3,2,2,2,3,1,3,45000.0
10618,5,1,0,2,3,0,1,1,0,1,3,22500.0
10631,3,1,2,4,2,0,1,2,0,0,3,35000.0
10632,4,0,1,4,5,5,1,2,0,0,4,65000.0
10633,4,0,3,3,3,0,6,2,1,1,2,85000.0
10634,3,0,17,3,1,0,1,0,0,0,1,27500.0
10640,1,0,2,0,1,1,14,0,0,0,3,27500.0
10641,3,0,3,3,2,2,10,1,0,0,2,75000.0
10647,2,1,0,2,2,0,2,2,2,1,1,27500.0
10657,4,1,9,4,1,0,5,1,3,2,2,45000.0
10659,2,0,2,4,3,4,11,2,0,0,2,35000.0
10661,0,0,0,2,1,0,0,0,3,1,1,500.0
10668,5,0,5,2,5,6,0,0,0,0,5,65000.0
10673,4,2,0,3,1,0,8,2,3,2,1,8750.0
10684,4,1,18,3,2,1,12,2,2,0,3,65000.0
10702,8,0,5,0,3,0,2,0,0,2,1,45000.0
10712,7,0,9,4,5,3,0,1,0,1,7,3500.0
10723,2,0,2,3,1,3,3,2,1,0,5,45000.0
10727,4,0,14,4,3,2,1,0,0,0,4,2500.0
10730,2,1,5,3,2,1,4,0,1,1,3,35000.0
10732,2,0,4,4,2,1,4,2,0,0,2,45000.0
10736,3,1,7,3,3,0,9,1,2,2,2,35000.0
10741,2,0,4,3,1,0,0,2,0,1,1,35000.0
10746,4,0,0,3,4,4,2,0,0,3,4,65000.0
10748,5,0,7,4,4,5,1,2,2,0,3,112500.0
10751,8,0,3,3,5,1,0,0,0,3,3,112500.0
10769,7,0,8,3,1,2,12,0,0,1,1,75000.0
10773,2,0,3,3,0,0,1,0,0,2,1,22500.0
10775,4,0,6,4,4,5,10,2,2,1,3,55000.0
10783,8,1,3,3,5,0,3,0,3,1,4,55000.0
10794,5,0,3,2,2,1,0,2,0,1,3,112500.0
10803,2,0,10,3,2,3,1,2,0,1,2,17500.0
10813,6,0,3,3,4,0,15,2,2,2,3,112500.0
10815,6,0,2,3,5,0,5,1,3,1,2,45000.0
10819,6,0,12,2,5,3,12,2,2,1,6,175000.0
10825,3,0,3,3,2,2,9,2,2,0,2,65000.0
10829,4,0,6,2,1,0,2,2,2,2,1,65000.0
10835,3,0,4,3,1,0,1,0,0,2,3,500.0
10847,6,0,0,3,5,6,0,0,0,2,4,27500.0
10859,2,0,1,3,3,1,2,2,0,0,3,95000.0
10869,3,0,1,3,3,2,2,1,0,0,4,65000.0
10872,5,0,14,0,0,0,2,2,2,3,1,112500.0
10887,1,1,0,2,1,1,13,1,0,2,2,8750.0
10888,3,1,0,5,1,1,4,2,1,0,1,4500.0
10890,2,0,8,3,3,5,0,0,0,0,4,4500.0
10908,1,0,2,3,2,2,0,2,2,0,2,17500.0
10911,4,0,0,5,4,3,1,1,0,0,3,8750.0
10912,2,0,12,3,2,4,12,2,2,0,4,65000.0
10915,3,0,3,4,3,2,0,2,2,0,2,95000.0
10919,9,0,17,2,2,1,0,2,0,3,1,137500.0
10921,6,0,0,3,5,3,10,2,2,2,3,137500.0
10930,3,0,7,3,2,3,12,0,0,1,5,55000.0
10931,2,0,2,3,0,0,1,0,3,3,2,17500.0
10933,3,0,9,4,1,0,1,2,0,0,2,17500.0
10939,5,0,18,4,2,1,1,1,0,0,2,27500.0
10945,2,0,5,3,3,2,0,0,0,1,4,1500.0
10950,4,0,1,3,3,4,6,2,2,0,4,112500.0
10963,5,0,8,3,4,3,16,0,0,1,1,1500.0
10966,3,0,4,5,2,4,1,2,0,0,2,65000.0
10967,3,0,0,3,2,2,5,2,0,0,2,45000.0
10981,7,1,2,4,2,1,4,2,1,0,2,2500.0
10997,4,1,0,3,2,0,7,0,0,1,3,2500.0
11002,5,0,5,4,4,0,1,2,2,0,3,17500.0
11008,1,1,6,3,2,0,2,2,1,0,2,1500.0
11013,2,0,7,2,2,2,7,2,2,2,3,112500.0
11017,6,0,1,3,1,0,16,0,0,2,1,6250.0
11021,4,0,0,2,1,0,2,2,0,2,2,500.0
11023,8,0,11,5,0,0,7,0,0,2,1,65000.0
11030,7,0,0,3,2,1,11,2,1,2,7,4500.0
11037,2,1,2,3,2,4,13,2,0,0,2,27500.0
11048,7,0,15,3,5,5,0,2,1,1,4,500.0
11056,2,0,19,2,0,0,0,0,0,0,2,6250.0
11061,6,1,3,3,5,7,4,0,0,0,1,65000.0
11064,5,0,13,4,5,7,3,0,0,2,3,175000.0
11071,6,0,4,3,5,5,10,2,1,0,2,95000.0
11072,2,0,0,3,2,0,0,2,2,1,1,27500.0
11075,2,1,3,3,1,1,3,2,0,0,4,65000.0
11080,3,0,3,4,3,2,7,2,2,1,3,85000.0
11082,3,0,9,3,1,0,5,2,3,2,2,17500.0
11095,7,0,4,3,0,0,0,2,2,3,1,112500.0
11097,2,0,10,2,1,0,12,2,2,2,4,17500.0
11098,3,0,2,3,4,4,17,2,0,0,4,55000.0
11101,7,0,17,4,0,0,1,2,2,0,1,85000.0
11104,0,0,0,1,1,0,1,1,0,0,1,500.0
11109,4,0,0,3,4,1,9,0,0,1,6,3500.0
11112,2,0,4,4,3,2,0,1,0,0,1,45000.0
11120,6,0,2,4,1,1,8,0,0,0,2,95000.0
11130,3,0,4,3,2,4,5,2,1,0,3,75000.0
11133,6,0,16,4,5,7,11,2,0,0,3,55000.0
11139,2,0,1,3,2,4,0,1,2,0,2,75000.0
11143,1,0,5,3,1,1,2,2,2,2,4,22500.0
11159,6,0,8,3,5,0,5,2,0,1,3,12500.0
11161,3,0,5,3,1,2,3,1,0,0,1,500.0
11174,2,0,2,3,1,0,2,1,0,0,6,22500.0
11188,6,0,3,4,5,6,0,2,1,1,4,112500.0
11192,1,0,6,3,2,2,2,2,0,0,2,27500.0
11206,3,0,0,3,2,4,0,1,2,0,2,65000.0
11211,2,0,0,4,1,0,1,0,3,1,1,8750.0
11212,7,0,1,3,0,0,1,1,3,3,1,22500.0
11213,3,0,5,4,2,3,1,1,0,3,2,12500.0
11218,3,0,3,4,4,3,4,2,2,0,3,85000.0
11232,3,0,6,4,4,3,1,2,2,0,5,65000.0
11233,8,0,0,3,2,3,1,0,3,3,1,22500.0
11234,5,0,0,3,2,1,11,2,2,0,3,2500.0
11241,3,0,16,4,1,1,1,2,2,0,3,22500.0
11244,5,0,10,3,0,0,6,0,0,2,1,12500.0
11250,2,0,17,2,2,3,0,0,0,0,2,8750.0
11261,5,0,4,3,5,1,2,2,0,1,3,500.0
11280,7,0,10,0,5,1,9,1,0,2,3,1500.0
11286,7,0,2,2,0,0,0,1,0,1,2,27500.0
11290,5,1,9,4,1,1,1,2,1,0,2,17500.0
11296,3,2,13,3,4,0,5,2,0,3,4,22500.0
11297,4,0,3,4,0,0,10,2,1,1,4,55000.0
11304,7,0,5,2,5,4,2,2,3,1,3,55000.0
11313,1,0,15,2,3,1,0,2,2,0,1,17500.0
11318,4,0,0,4,1,3,0,2,0,2,2,2500.0
11319,0,0,0,2,1,0,7,0,0,2,2,4500.0
11320,3,0,1,4,4,4,1,1,2,0,1,175000.0
11322,6,0,2,3,1,1,1,0,0,0,2,22500.0
11324,5,0,0,3,2,0,2,0,0,2,1,8750.0
11325,3,0,3,4,3,2,1,2,0,0,4,22500.0
11326,3,0,10,4,3,2,17,1,0,0,2,17500.0
11340,3,0,17,4,1,1,4,2,2,0,2,65000.0
11347,2,0,13,4,1,3,1,2,2,3,2,55000.0
11349,7,0,4,3,5,3,2,2,3,1,2,35000.0
11354,2,0,3,4,2,4,1,1,0,0,5,55000.0
11362,6,0,3,4,2,0,3,2,0,3,2,137500.0
11363,3,0,14,4,3,1,1,2,3,0,3,45000.0
11374,6,0,6,4,2,1,8,0,0,0,2,6250.0
11378,6,0,6,4,1,1,1,2,2,0,1,12500.0
11379,6,0,5,3,4,6,1,0,0,0,2,2500.0
11385,4,0,4,5,5,6,5,1,2,0,3,65000.0
11396,3,0,1,3,3,4,14,2,0,0,2,95000.0
11399,7,0,1,4,4,6,9,2,2,0,1,95000.0
11408,2,0,9,3,3,1,0,2,0,0,1,1500.0
11419,5,0,10,3,3,2,4,1,0,0,4,65000.0
11421,3,1,0,3,0,0,16,0,0,0,1,500.0
11423,6,1,2,3,4,0,7,0,3,1,2,1500.0
11430,0,0,19,2,3,2,0,0,0,1,4,12500.0
11432,2,0,10,3,2,2,0,0,0,0,4,17500.0
11440,9,0,5,0,1,0,0,2,2,2,2,500.0
11448,0,1,2,2,0,0,0,2,1,0,4,1500.0
11450,2,0,3,3,2,2,12,2,3,2,2,55000.0
11454,5,0,7,3,1,1,3,2,0,1,3,65000.0
11461,2,0,6,4,3,3,0,2,0,0,1,55000.0
11468,3,0,1,2,4,0,13,0,0,2,3,35000.0
11478,6,0,5,3,5,3,11,2,3,1,4,500.0
11485,2,0,4,3,2,0,15,2,2,3,4,500.0
11490,7,0,2,3,5,1,4,2,0,2,7,55000.0
11511,3,0,0,5,1,2,1,2,3,3,3,8750.0
11516,5,0,9,2,3,0,6,2,0,1,2,17500.0
11522,3,0,3,4,4,5,2,2,1,2,3,65000.0
11523,5,0,0,3,0,0,2,2,2,2,2,35000.0
11533,2,0,5,4,4,3,1,2,0,0,3,22500.0
11547,2,0,5,3,2,3,2,2,0,0,4,27500.0
11549,1,0,1,3,1,0,0,0,0,2,7,45000.0
11550,9,0,0,2,5,0,0,2,3,1,2,1500.0
11556,2,0,0,2,0,0,0,1,1,0,2,12500.0
11561,4,1,9,3,2,0,0,2,2,2,1,27500.0
11583,4,0,1,0,0,0,0,0,0,2,1,35000.0
11586,2,0,1,2,1,0,8,2,0,0,1,45000.0
11587,2,0,9,3,1,0,0,0,0,0,2,22500.0
11593,3,0,7,3,3,5,2,2,2,1,4,112500.0
11596,3,0,19,2,1,1,8,2,3,0,2,17500.0
11604,1,2,11,3,3,0,1,0,3,1,6,500.0
11609,2,0,0,2,2,4,3,1,0,0,1,27500.0
11618,1,0,0,3,3,1,7,2,2,1,3,8750.0
11623,5,0,6,3,2,3,0,0,0,0,2,35000.0
11626,5,0,1,1,0,0,12,2,3,2,2,35000.0
11630,2,0,4,3,2,2,16,2,2,0,2,45000.0
11634,4,1,0,2,0,0,1,1,0,0,2,500.0
11641,3,0,0,4,2,1,8,2,2,2,3,17500.0
11660,2,0,16,3,4,4,2,2,2,0,3,3500.0
11664,7,0,2,1,5,5,2,2,2,2,5,95000.0
11665,6,1,2,3,0,0,3,0,0,2,1,500.0
11669,9,0,6,3,0,1,1,1,0,0,5,45000.0
11675,7,0,0,3,0,0,12,2,0,2,1,55000.0
11681,4,0,10,4,4,2,1,0,1,0,4,12500.0
11690,2,0,4,4,4,3,0,2,2,1,7,112500.0
11694,4,1,1,4,4,5,14,2,2,3,3,112500.0
11698,5,0,4,3,5,1,2,2,0,3,6,75000.0
11713,2,0,17,3,3,4,8,0,0,2,4,65000.0
11716,4,0,5,3,1,2,4,2,2,2,3,35000.0
11722,2,0,0,3,2,1,14,2,2,0,2,27500.0
11734,1,0,8,4,0,0,4,0,1,0,2,4500.0
11740,6,0,5,3,3,1,4,2,0,2,1,35000.0
11748,9,0,12,3,4,4,8,2,2,3,1,75000.0
11760,2,1,0,4,3,5,0,2,1,1,4,12500.0
11765,1,0,0,2,1,0,0,1,3,1,5,6250.0
11766,7,0,1,3,5,3,0,0,0,1,4,75000.0
11769,5,0,10,3,1,1,0,2,3,3,1,112500.0
11783,4,0,2,3,5,5,0,0,0,0,3,137500.0
11788,2,2,5,3,0,1,13,0,0,2,3,6250.0
11790,3,0,11,2,1,0,17,0,0,3,4,35000.0
11791,2,0,6,3,2,5,5,2,2,1,3,45000.0
11796,1,0,0,3,3,0,15,2,3,3,1,12500.0
11806,2,0,6,2,3,2,5,2,2,0,4,45000.0
11814,3,0,3,3,4,5,13,1,0,0,4,112500.0
11824,4,0,1,2,1,2,5,2,2,3,1,75000.0
11826,8,0,0,0,3,2,2,2,0,0,2,12500.0
11836,4,1,5,3,0,0,0,0,0,0,2,65000.0
11842,2,0,5,3,1,0,8,2,2,2,1,22500.0
11845,6,0,6,4,5,5,1,2,0,0,3,22500.0
11852,9,1,16,3,5,5,9,2,1,0,2,500.0
11863,2,0,12,3,3,2,16,0,0,1,2,500.0
11868,5,0,12,4,4,5,0,2,1,0,1,55000.0
11872,7,0,9,2,4,0,15,1,3,2,3,55000.0
11873,2,0,6,2,3,4,7,1,0,2,2,6250.0
11877,5,0,2,4,1,2,6,1,0,0,2,45000.0
11880,5,1,7,4,4,2,1,2,2,0,4,65000.0
11882,1,0,7,3,2,2,13,2,2,0,2,65000.0
11884,2,0,1,2,3,0,15,2,2,0,1,45000.0
11900,9,0,18,3,5,0,16,0,3,0,5,500.0
11901,3,0,5,0,4,5,2,1,1,2,2,75000.0
11914,8,0,17,1,4,2,1,2,0,3,6,137500.0
11920,6,0,6,3,2,0,3,2,2,2,5,45000.0
11934,5,0,2,3,4,1,12,2,0,2,5,45000.0
11935,4,0,7,3,4,5,3,2,2,3,2,175000.0
11938,9,0,0,3,5,0,1,1,0,1,5,27500.0
11939,8,2,3,3,3,3,0,2,0,0,6,175000.0
11956,6,0,9,3,2,2,1,0,0,2,3,27500.0
11964,5,0,10,3,0,0,6,0,3,2,2,17500.0
11965,9,0,5,3,4,4,3,2,0,1,4,65000.0
11968,2,1,4,4,3,4,7,0,0,0,1,55000.0
11975,5,0,6,3,0,0,2,2,2,1,3,175000.0
11977,6,1,1,3,0,1,14,2,0,3,2,27500.0
11980,4,0,0,2,1,1,1,0,0,0,2,12500.0
11984,2,0,1,2,1,1,2,2,0,0,3,85000.0
11993,1,1,0,2,1,0,0,0,1,2,4,1500.0
11994,2,0,2,3,1,0,0,2,1,1,1,27500.0
11999,4,1,2,3,3,4,1,2,0,0,4,35000.0
12001,1,0,16,2,1,1,10,0,0,0,3,45000.0
12007,5,0,6,2,5,2,10,2,2,0,5,55000.0
12011,5,0,4,3,2,1,4,0,0,0,1,75000.0
12012,5,0,6,3,1,2,5,2,2,0,1,112500.0
12015,3,0,3,3,3,1,2,2,0,0,1,75000.0
12030,4,0,0,0,0,0,14,0,0,1,1,500.0
12040,5,0,3,4,4,1,4,2,0,3,4,500.0
12042,5,0,0,3,4,5,0,0,0,0,3,65000.0
12046,3,0,5,3,2,1,15,1,0,1,2,35000.0
12052,3,0,17,4,3,5,4,2,2,0,4,112500.0
12055,2,0,1,2,1,0,3,1,3,3,3,35000.0
12063,5,0,1,2,4,4,0,2,2,1,3,112500.0
12077,5,0,4,3,1,0,6,2,1,2,5,75000.0
12089,5,0,5,2,4,0,17,0,0,2,3,45000.0
12092,5,0,1,1,4,2,3,2,0,1,4,112500.0
12097,3,0,11,3,3,5,0,0,0,0,2,95000.0
12102,3,0,11,3,1,2,2,2,1,1,1,45000.0
12109,2,0,6,3,1,0,9,1,0,2,2,1500.0
12116,7,0,2,4,5,5,1,2,0,0,1,2500.0
12122,3,0,3,1,2,0,12,2,2,2,2,65000.0
12123,5,0,0,3,5,1,8,2,0,2,3,27500.0
12136,3,0,1,2,1,1,1,1,2,2,3,85000.0
12137,2,0,9,3,2,3,7,1,0,0,2,95000.0
12141,1,1,1,4,3,0,1,2,2,0,2,22500.0
12146,5,0,15,3,5,4,2,2,0,1,2,75000.0
12153,3,0,0,3,0,0,7,1,3,1,1,500.0
12171,6,1,16,4,4,4,0,2,2,0,1,22500.0
12176,8,0,3,4,5,3,2,0,0,0,5,137500.0
12180,5,0,3,4,4,5,0,0,0,1,2,85000.0
12191,2,0,0,3,3,1,14,2,1,2,3,35000.0
12195,0,0,17,2,1,1,12,1,0,1,3,12500.0
12205,5,0,2,3,5,2,1,2,0,1,5,35000.0
12214,6,0,18,3,3,2,9,2,0,1,4,65000.0
12216,5,0,4,4,5,6,1,2,2,0,5,35000.0
12218,2,1,3,3,1,0,0,2,2,1,3,55000.0
12234,3,0,0,3,3,3,9,1,1,1,4,4500.0
12237,0,0,6,2,1,0,0,1,0,0,5,12500.0
12239,1,0,1,2,1,1,2,2,2,3,3,45000.0
12241,6,0,2,3,5,0,0,1,3,1,1,35000.0
12242,3,0,0,4,1,0,1,2,1,0,1,35000.0
12264,7,0,6,5,5,4,6,2,0,0,4,27500.0
12267,6,0,15,5,4,2,3,0,0,0,6,45000.0
12275,8,0,12,3,3,1,15,2,2,0,3,75000.0
12279,4,1,2,3,0,0,7,1,0,2,2,45000.0
12280,6,1,1,4,5,2,0,2,2,0,2,137500.0
12283,6,0,5,3,1,0,3,0,3,2,1,27500.0
12286,9,0,3,3,5,5,6,2,2,0,3,65000.0
12296,3,0,10,3,3,5,9,2,0,0,4,35000.0
12305,4,1,1,4,3,1,1,2,2,0,3,45000.0
12314,7,0,4,3,3,1,10,2,2,3,2,112500.0
12325,7,0,12,4,5,5,11,2,0,0,2,112500.0
12327,4,0,3,4,4,5,8,2,0,0,3,112500.0
12335,3,0,1,3,4,4,0,0,0,1,2,65000.0
12337,2,1,6,3,3,0,1,2,3,0,1,2500.0
12340,9,0,1,4,5,5,1,2,2,3,6,55000.0
12349,0,0,0,2,2,0,3,2,0,0,2,1500.0
12351,1,1,19,3,1,2,5,1,0,2,2,27500.0
12357,1,0,6,2,2,1,11,2,0,1,3,45000.0
12370,1,0,4,3,2,2,0,0,0,0,1,1500.0
12378,2,1,5,3,2,2,0,0,0,0,2,22500.0
12385,4,0,7,2,3,0,2,1,3,1,4,500.0
12390,5,0,5,3,3,1,17,1,0,2,3,22500.0
12393,7,0,1,3,4,5,0,1,0,0,4,137500.0
12395,7,1,1,4,5,7,1,2,1,0,2,112500.0
12396,3,0,4,4,3,5,0,0,0,0,1,55000.0
12400,2,0,3,1,2,1,0,0,3,2,3,35000.0
12401,6,0,2,3,2,3,2,0,0,2,2,35000.0
12408,2,0,4,3,4,0,8,2,3,3,1,65000.0
12410,3,0,0,3,3,5,0,2,2,0,2,35000.0
12412,8,0,1,3,2,1,3,0,0,3,3,35000.0
12415,7,0,2,4,5,2,1,2,0,0,1,35000.0
12416,4,0,8,0,1,1,7,1,0,1,1,8750.0
12419,2,0,13,3,1,0,1,2,2,0,1,3500.0
12421,3,0,10,3,3,3,3,1,0,0,2,35000.0
12423,4,0,5,4,4,2,3,0,0,1,1,55000.0
12428,2,0,6,3,0,0,9,2,1,2,2,17500.0
12436,4,0,0,3,0,0,0,2,0,3,1,12500.0
12437,3,0,4,4,3,5,1,2,2,0,3,35000.0
12439,3,1,19,1,0,0,0,2,0,3,1,500.0
12445,5,2,2,3,4,6,1,1,1,0,2,55000.0
12450,3,0,4,3,3,2,7,0,0,0,2,65000.0
12451,3,0,0,3,2,0,8,2,0,2,2,12500.0
12455,2,0,0,3,1,0,12,2,3,0,3,12500.0
12457,4,0,6,3,4,6,0,2,2,0,3,112500.0
12459,4,1,9,4,4,2,3,2,0,2,2,27500.0
12460,7,0,14,3,5,0,6,2,0,1,4,225000.0
12466,2,0,0,4,4,5,7,2,0,1,3,55000.0
12467,4,0,8,3,3,1,1,0,0,0,3,12500.0
12468,5,1,3,3,4,4,0,0,3,1,4,112500.0
12472,6,0,5,3,3,1,8,2,2,3,1,500.0
12483,5,0,8,3,5,5,14,0,0,1,4,75000.0
12493,3,0,7,4,1,1,1,2,0,0,1,65000.0
12498,1,0,0,3,1,0,2,2,0,2,3,500.0
12503,4,2,1,4,3,0,4,0,0,0,4,500.0
12504,3,0,15,3,1,1,4,2,1,1,1,22500.0
12505,2,0,4,3,2,3,3,2,2,0,4,65000.0
12508,2,0,4,3,2,2,13,2,0,0,3,55000.0
12509,2,0,10,2,3,0,13,1,0,2,2,500.0
12513,3,0,5,3,2,4,0,0,0,3,2,75000.0
12518,7,0,6,5,4,1,1,2,0,0,2,500.0
12519,2,0,2,3,0,0,10,0,3,3,3,22500.0
12523,7,0,0,3,4,4,0,1,0,2,7,35000.0
12531,5,0,8,3,2,0,2,0,3,1,3,12500.0
12542,5,0,13,3,1,1,13,1,0,2,1,175000.0
12544,7,0,7,3,4,3,6,2,2,3,7,137500.0
12555,9,0,6,4,5,6,0,0,0,0,4,55000.0
12575,8,0,14,3,5,4,2,2,2,3,1,75000.0
12576,7,0,2,3,5,5,15,1,3,3,4,55000.0
12583,2,0,5,3,1,0,5,1,3,3,1,35000.0
12584,7,0,2,4,5,6,1,2,3,1,3,35000.0
12586,2,0,1,1,3,3,0,2,2,1,3,85000.0
12589,7,0,1,3,4,0,9,1,3,1,4,65000.0
12601,5,0,3,4,4,0,5,2,0,2,2,95000.0
12611,2,0,5,4,2,0,1,0,0,0,3,17500.0
12615,2,0,13,3,1,1,5,2,0,2,2,85000.0
12616,4,0,3,4,4,5,1,2,0,0,2,85000.0
12619,0,1,0,2,1,1,7,0,0,1,2,2500.0
12625,4,0,3,4,1,0,3,0,3,2,1,12500.0
12635,5,0,13,5,4,4,10,2,2,0,2,137500.0
12641,5,1,5,4,3,0,0,2,0,1,2,45000.0
12642,2,0,11,3,2,3,9,2,0,3,2,45000.0
12666,2,0,5,3,2,0,13,2,3,2,1,45000.0
12667,7,0,9,3,5,1,1,2,0,1,2,35000.0
12674,2,1,9,3,2,3,14,0,0,0,3,45000.0
12676,4,0,2,2,0,0,5,0,3,0,3,2500.0
12685,6,0,6,4,4,4,1,2,1,0,1,2500.0
12691,1,0,8,4,3,1,1,0,0,3,6,1500.0
12694,2,0,3,2,2,0,0,2,3,1,2,55000.0
12704,8,1,7,3,1,1,1,2,1,3,2,65000.0
12707,4,0,7,4,1,2,1,2,2,0,4,500.0
12712,4,0,4,3,2,0,1,0,3,2,2,3500.0
12721,7,0,4,3,5,5,3,2,2,1,4,65000.0
12732,4,0,6,3,4,0,11,2,1,1,5,65000.0
12737,2,0,3,3,1,1,11,2,0,3,2,1500.0
12740,3,0,1,3,2,1,1,2,0,0,2,500.0
12750,9,0,7,2,5,4,0,2,3,1,4,112500.0
12751,5,0,3,4,4,6,1,2,0,3,3,112500.0
12764,1,1,8,3,2,1,11,0,0,2,3,12500.0
12768,2,0,3,3,3,3,1,1,1,0,1,55000.0
12780,2,0,2,3,1,1,1,2,2,0,3,500.0
12797,4,0,2,2,1,0,17,2,0,3,2,22500.0
12806,2,0,3,3,3,2,1,1,0,0,3,65000.0
12810,3,1,1,2,1,0,6,2,1,3,1,35000.0
12817,6,0,1,2,2,4,2,2,0,3,1,750000.0
12818,7,0,1,4,5,7,5,2,2,0,2,225000.0
12819,9,0,1,2,5,5,0,0,0,1,7,45000.0
12831,6,0,0,4,5,2,4,2,0,0,6,1500.0
12835,2,1,9,4,3,4,1,2,0,0,3,500.0
12839,5,0,9,2,4,0,7,1,0,2,1,17500.0
12841,9,0,5,0,5,0,10,2,0,2,3,27500.0
12845,0,0,5,2,1,0,3,0,0,0,1,65000.0
12846,4,0,3,3,1,0,5,2,2,2,4,225000.0
12848,4,2,4,3,3,2,7,0,0,1,4,225000.0
12849,3,0,15,0,2,4,2,1,0,0,3,35000.0
12850,4,0,4,3,4,6,8,2,2,0,1,75000.0
12854,8,0,4,4,4,1,3,0,0,0,2,6250.0
12855,4,0,3,3,4,2,8,2,0,2,2,95000.0
12859,4,1,15,3,4,4,8,2,0,0,3,22500.0
12864,5,0,4,4,3,4,0,2,2,0,2,45000.0
12867,7,0,2,3,3,4,2,2,2,0,2,112500.0
12880,2,0,6,3,3,3,3,2,0,1,2,35000.0
12888,3,0,4,3,2,1,7,0,0,0,2,2500.0
12897,1,0,0,2,1,0,1,0,0,1,1,8750.0
12898,4,0,13,5,4,3,4,0,0,1,3,112500.0
12904,1,1,4,3,0,0,1,0,3,2,5,1500.0
12910,6,2,1,3,5,2,2,0,0,3,3,175000.0
12917,5,0,1,2,1,0,2,0,0,1,2,45000.0
12929,1,0,0,2,2,0,3,0,3,1,2,500.0
12931,0,0,18,2,1,0,13,0,0,3,3,500.0
12932,8,0,2,4,5,7,1,1,0,0,6,65000.0
12937,3,0,1,3,3,1,1,2,0,3,2,45000.0
12938,4,0,1,4,3,5,8,2,2,0,2,112500.0
12940,5,1,2,3,3,5,14,1,0,0,2,35000.0
12941,8,0,4,2,4,3,9,2,0,1,5,55000.0
12957,1,0,6,1,1,1,0,2,2,0,1,17500.0
12965,3,0,4,3,3,5,5,1,1,1,1,55000.0
12968,2,0,3,3,3,3,10,0,0,1,3,85000.0
12971,3,0,5,4,2,0,5,2,3,0,1,35000.0
12977,6,0,6,3,3,5,4,2,0,2,4,35000.0
12980,2,0,5,4,4,4,1,2,0,0,7,500.0
12983,3,0,6,4,1,0,1,2,3,0,2,17500.0
13005,6,0,4,3,4,5,0,0,0,0,1,65000.0
13019,2,0,1,3,3,2,1,1,0,3,1,55000.0
13024,6,0,5,0,2,1,7,2,0,2,3,22500.0
13030,6,0,3,4,5,7,1,2,1,0,7,95000.0
13043,3,0,8,3,1,1,2,2,2,0,2,45000.0
13047,8,0,11,4,2,5,1,2,2,0,4,45000.0
13051,1,0,1,3,2,1,6,2,0,1,3,12500.0
13056,2,0,2,3,1,0,14,2,1,0,2,3500.0
13067,8,2,2,4,1,2,5,2,0,2,4,75000.0
13070,1,0,16,3,2,1,0,0,1,1,6,35000.0
13079,3,1,18,3,3,4,1,1,2,0,3,55000.0
13082,7,0,5,3,2,0,6,2,2,3,1,65000.0
13084,8,0,7,3,1,0,6,2,2,2,3,75000.0
13089,7,0,5,3,5,1,0,2,2,2,6,55000.0
13090,6,0,10,4,3,5,8,2,2,0,2,27500.0
13093,2,0,9,3,1,0,1,0,0,2,2,1500.0
13102,3,0,1,2,1,0,5,2,0,3,2,45000.0
13111,3,1,0,3,1,1,1,1,0,0,2,8750.0
13115,2,0,3,3,1,1,1,0,1,1,3,65000.0
13116,4,0,1,2,0,0,4,2,1,2,1,45000.0
13117,4,0,3,5,3,5,4,0,0,0,1,75000.0
13134,2,1,2,4,3,1,1,0,0,0,2,500.0
13148,2,1,4,3,2,0,0,1,0,1,4,500.0
13151,3,0,1,4,4,3,13,2,2,2,2,75000.0
13154,7,0,11,4,4,4,0,0,0,1,1,4500.0
13157,6,0,1,3,4,4,11,2,2,0,4,137500.0
13159,3,1,3,3,3,5,4,2,2,2,3,95000.0
13164,4,0,6,3,4,5,13,2,2,0,3,35000.0
13178,1,0,8,3,0,0,11,2,1,2,2,1500.0
13185,7,0,2,3,5,3,1,2,0,3,3,45000.0
13189,4,0,17,4,4,5,12,2,2,0,2,112500.0
13194,3,0,16,3,4,4,7,2,1,1,2,45000.0
13195,6,0,10,3,2,0,1,0,3,3,3,12500.0
13216,0,0,0,2,0,0,16,2,0,2,1,500.0
13221,3,0,8,4,2,4,8,2,2,0,1,27500.0
13222,7,0,2,3,2,2,2,2,2,2,1,500.0
13228,3,0,12,3,2,0,14,2,2,2,2,65000.0
13232,3,0,7,4,4,5,6,2,2,0,4,45000.0
13235,6,0,4,3,4,0,1,0,0,2,2,55000.0
13239,6,0,3,4,5,2,4,2,0,3,2,137500.0
13242,6,0,2,3,5,0,2,2,2,2,3,45000.0
13246,4,0,0,3,4,5,1,1,2,0,2,35000.0
13251,8,0,17,1,5,4,0,2,2,3,3,175000.0
13255,3,1,10,4,4,2,1,1,1,0,1,17500.0
13256,5,0,5,3,2,3,12,2,0,2,3,85000.0
13257,2,0,0,3,2,0,0,1,3,1,3,27500.0
13276,6,0,1,4,5,7,1,2,2,3,5,137500.0
13278,5,0,3,3,0,0,3,0,3,3,1,55000.0
13279,3,0,1,4,3,5,0,0,1,0,3,225000.0
13281,1,0,1,3,2,3,1,2,2,1,3,12500.0
13286,3,1,1,3,4,5,9,2,0,2,2,75000.0
13289,3,0,13,3,4,4,0,2,1,1,2,137500.0
13290,4,0,3,5,4,1,0,0,0,0,5,112500.0
13302,4,1,8,4,1,0,1,1,0,0,4,500.0
13308,9,0,0,4,5,7,11,0,0,1,3,45000.0
13309,1,0,0,2,2,2,2,2,0,2,3,22500.0
13311,3,0,7,2,3,3,9,2,0,0,2,112500.0
13318,4,1,1,3,0,0,5,0,0,0,2,500.0
13321,4,0,1,3,3,5,2,2,2,0,2,95000.0
13329,3,1,0,4,1,3,7,0,0,2,2,35000.0
13330,5,0,1,2,4,3,6,2,0,1,1,500.0
13333,7,1,1,4,2,1,1,2,0,0,4,85000.0
13334,6,0,6,3,5,5,7,1,0,1,4,27500.0
13335,3,1,13,4,2,4,2,2,2,0,2,225000.0
13344,2,0,4,3,1,1,0,0,0,0,1,45000.0
13345,2,0,5,3,2,2,1,2,2,1,3,500.0
13349,8,0,3,3,5,4,3,2,2,0,5,85000.0
13350,7,0,2,4,5,6,0,0,0,3,7,2500.0
13355,3,0,2,3,3,5,9,2,2,0,3,112500.0
13356,4,1,13,3,0,0,0,1,0,1,3,75000.0
13377,6,0,1,3,1,2,6,2,2,0,3,55000.0
13384,3,0,2,3,4,2,2,2,0,2,4,85000.0
13391,5,1,7,1,0,0,11,2,0,2,2,55000.0
13394,9,0,4,3,2,0,0,0,3,2,1,500.0
13395,1,0,0,3,3,4,2,0,0,1,1,55000.0
13397,5,0,2,4,3,3,11,2,2,2,3,55000.0
13423,6,0,3,3,4,2,10,2,0,3,2,175000.0
13427,2,1,6,3,3,3,5,2,0,2,2,45000.0
13429,1,0,4,3,2,1,3,2,0,1,1,1500.0
13447,2,0,1,4,3,4,4,0,0,0,3,65000.0
13451,6,0,19,0,5,0,11,2,2,2,3,500.0
13453,1,0,4,3,0,1,6,2,0,0,1,22500.0
13460,2,0,0,3,0,0,1,1,0,3,2,4500.0
13461,3,0,1,3,4,5,2,0,0,0,2,75000.0
13467,7,0,2,3,5,3,0,1,1,0,5,95000.0
13468,5,0,1,4,4,1,11,1,0,1,4,95000.0
13469,2,0,9,4,3,5,1,2,0,0,1,17500.0
13472,6,0,2,4,5,5,1,0,0,0,3,55000.0
13490,1,0,0,3,3,2,3,0,3,0,1,500.0
13495,6,0,10,2,4,3,1,0,0,2,2,55000.0
13496,9,0,4,3,5,2,1,2,2,3,3,55000.0
13498,6,0,13,4,5,7,2,2,1,0,2,175000.0
13499,7,1,5,4,4,2,1,2,1,0,2,65000.0
13503,7,0,3,2,5,2,2,0,3,1,6,75000.0
13516,0,0,0,3,1,1,0,2,2,1,2,4500.0
13521,5,2,1,4,3,5,11,2,2,0,3,112500.0
13529,2,0,6,3,0,0,5,2,0,0,1,500.0
13531,3,0,3,4,3,0,1,2,3,0,3,85000.0
13533,6,0,6,3,4,0,0,0,0,2,1,1500.0
13540,2,0,7,3,0,0,8,2,0,3,4,500.0
13543,2,0,6,3,3,1,5,1,1,0,6,35000.0
13550,6,0,9,4,3,3,1,0,0,1,1,95000.0
13556,1,0,15,3,1,0,0,2,0,0,2,1500.0
13562,7,0,9,5,4,0,4,2,0,2,4,45000.0
13565,3,0,14,3,3,3,5,1,0,1,2,95000.0
13598,2,0,0,3,1,1,4,0,0,1,3,1500.0
13604,1,0,10,2,2,2,1,2,2,1,4,12500.0
13609,2,0,4,3,2,2,2,0,0,1,6,500.0
13621,3,1,0,3,0,0,9,0,3,3,1,500.0
13622,5,0,5,3,2,2,17,1,0,0,3,27500.0
13625,2,0,4,3,2,4,0,2,2,0,2,6250.0
13628,3,0,8,3,0,0,13,1,3,2,1,500.0
13643,3,1,0,3,0,0,16,0,0,0,1,500.0
13644,5,1,0,0,4,0,2,1,3,2,2,65000.0
13651,5,0,2,3,5,4,0,2,2,1,2,55000.0
13653,1,0,0,3,3,2,0,2,3,1,2,17500.0
13658,4,0,3,4,3,3,1,2,0,0,2,65000.0
13671,5,1,4,4,4,6,1,2,0,2,3,45000.0
13676,4,0,3,3,4,1,4,2,2,0,1,137500.0
13677,2,0,0,3,0,0,2,2,0,2,2,12500.0
13678,4,0,2,1,1,2,2,0,3,2,2,17500.0
13684,2,1,6,3,3,5,7,1,0,0,3,27500.0
13691,1,0,9,3,2,2,0,0,1,1,1,27500.0
13701,0,0,0,1,1,2,1,2,2,0,2,1500.0
13706,8,0,0,3,5,7,5,2,1,2,3,8750.0
13708,1,0,0,3,0,0,9,2,0,2,2,8750.0
13715,3,0,2,3,2,3,4,2,0,0,2,45000.0
13718,3,0,0,3,4,1,6,2,1,1,2,22500.0
13720,9,1,1,3,0,1,4,2,2,3,1,8750.0
13734,1,0,3,2,3,0,16,0,0,3,4,3500.0
13737,6,0,5,3,3,0,0,1,0,3,2,45000.0
13744,0,0,0,2,2,0,3,1,0,1,1,65000.0
13745,7,0,1,3,5,1,0,0,0,3,3,500.0
13748,7,0,0,2,3,1,13,0,0,2,4,500.0
13752,6,0,10,3,5,2,0,2,0,0,1,75000.0
13757,5,0,3,2,1,0,1,0,0,1,3,2500.0
13759,5,0,8,4,3,1,1,2,0,3,2,8750.0
13762,4,0,4,3,4,1,8,2,2,1,4,75000.0
13765,2,0,11,3,1,2,1,0,0,0,2,17500.0
13774,7,0,0,3,1,1,5,2,0,1,1,4500.0
13775,3,1,1,4,3,3,6,2,2,0,1,55000.0
13780,5,0,7,3,5,5,1,0,3,2,5,500.0
13783,9,1,5,4,4,5,6,2,0,0,1,55000.0
13787,5,0,2,4,4,3,1,2,0,0,6,45000.0
13789,1,1,17,2,3,0,1,2,0,1,4,500.0
13790,5,1,7,2,5,2,0,2,2,1,1,500.0
13795,7,0,9,2,5,6,11,2,1,2,3,95000.0
13803,2,1,0,3,3,3,0,2,0,2,3,2500.0
13830,8,0,7,3,5,0,5,2,3,2,3,95000.0
13833,5,0,3,4,4,6,1,2,0,0,1,75000.0
13834,4,0,8,4,4,1,0,2,0,1,5,85000.0
13837,5,0,16,3,5,0,9,1,0,2,2,45000.0
13847,5,0,18,3,5,5,8,2,2,0,1,55000.0
13857,6,0,7,4,5,5,10,0,2,0,6,275000.0
13881,4,1,4,1,1,0,3,0,3,2,2,27500.0
13890,7,0,10,3,3,3,6,0,3,2,3,27500.0
13891,5,0,4,3,3,3,14,0,0,0,2,1500.0
13895,2,1,4,3,1,0,1,0,3,0,4,2500.0
13904,1,0,5,3,3,2,3,1,0,1,2,500.0
13920,5,0,9,4,4,4,1,2,0,0,2,55000.0
13923,8,1,9,4,5,7,1,2,0,0,6,45000.0
13926,4,0,4,3,4,1,10,2,2,3,1,400000.0
13927,2,0,17,3,2,3,2,0,0,1,2,95000.0
13928,3,0,0,4,3,5,0,2,0,0,2,65000.0
13935,3,0,2,3,2,3,5,2,2,1,1,35000.0
13937,5,1,2,3,4,2,0,2,2,1,1,35000.0
13941,6,0,2,4,5,5,0,0,0,0,5,95000.0
13947,2,0,10,3,3,1,1,0,0,1,5,500.0
13956,2,0,5,3,1,0,0,2,0,1,3,27500.0
13958,4,2,5,4,3,4,1,2,2,0,2,17500.0
13959,4,0,3,3,5,3,0,2,2,3,3,175000.0
13977,3,0,1,3,2,2,8,2,2,3,2,112500.0
13990,8,0,0,4,4,3,0,2,2,0,3,2500.0
13991,5,0,6,2,0,0,7,1,3,3,3,65000.0
13995,3,0,3,2,4,5,4,2,1,0,2,137500.0
13999,3,2,11,4,3,4,1,2,0,0,2,500.0
14001,5,0,1,3,1,2,9,1,2,2,2,22500.0
14006,3,1,1,3,2,0,0,0,3,1,5,500.0
14007,7,0,3,3,3,4,8,1,0,2,3,85000.0
14013,6,0,19,4,5,2,2,0,3,1,3,2500.0
14016,3,0,17,3,1,0,1,2,2,0,1,65000.0
14023,3,0,1,3,2,1,2,2,0,0,4,65000.0
14024,2,0,10,3,1,1,0,0,0,1,4,12500.0
14030,7,0,4,3,1,2,3,0,0,0,1,55000.0
14038,2,0,3,3,1,1,5,0,0,0,2,750000.0
14044,1,0,2,2,2,0,7,2,2,1,3,45000.0
14055,2,0,1,2,3,0,2,2,2,0,2,75000.0
14060,3,1,1,3,2,0,2,2,2,2,1,175000.0
14061,6,0,2,3,3,6,0,2,1,0,2,65000.0
14067,4,0,12,2,1,0,6,2,0,2,1,55000.0
14069,0,0,10,4,3,4,3,0,0,1,5,275000.0
14095,7,0,7,3,5,2,8,2,2,1,4,112500.0
14100,4,0,10,3,4,3,0,2,1,1,3,75000.0
14109,3,1,17,3,3,1,8,2,2,0,2,85000.0
14111,5,0,8,3,5,3,0,1,1,1,3,45000.0
14116,6,0,8,3,3,5,14,1,0,2,2,22500.0
14118,2,0,14,4,3,3,4,0,0,0,2,27500.0
14120,2,0,4,4,2,0,1,2,3,0,3,17500.0
14131,0,0,8,2,1,1,0,0,0,1,3,45000.0
14135,6,0,15,3,0,0,1,0,3,0,2,500.0
14143,0,0,4,3,2,0,5,2,0,0,3,500.0
14145,3,0,4,4,1,1,1,2,3,0,1,35000.0
14146,2,0,4,2,1,0,0,2,1,1,1,17500.0
14148,3,0,0,3,3,0,3,0,3,1,4,2500.0
14150,2,0,4,3,1,2,10,2,1,2,3,45000.0
14152,3,0,4,4,3,3,16,2,1,0,3,3500.0
14154,2,1,7,3,1,1,5,2,0,0,2,75000.0
14159,2,0,0,3,1,1,1,0,3,1,1,1500.0
14162,3,0,3,3,0,2,1,0,0,0,2,500.0
14163,3,0,5,3,2,3,2,1,0,2,3,35000.0
14164,4,0,10,1,2,0,14,1,0,1,1,22500.0
14170,6,0,3,4,5,5,3,2,2,0,1,112500.0
14198,4,0,3,3,5,6,13,0,0,1,4,112500.0
14205,3,0,3,2,3,4,11,2,2,0,4,22500.0
14216,7,0,17,4,5,6,3,2,2,0,4,175000.0
14228,4,0,0,3,5,0,9,2,0,2,5,27500.0
14238,1,1,4,3,1,2,5,2,1,0,1,1500.0
14251,8,0,5,3,5,6,1,2,2,0,1,400000.0
14255,1,0,0,3,1,0,1,2,3,0,1,6250.0
14257,4,0,17,3,3,5,8,1,0,0,3,400000.0
14265,5,1,18,5,4,6,1,2,0,0,4,2500.0
14270,9,0,8,4,2,1,1,2,0,0,2,500.0
14275,1,0,1,2,1,1,2,1,1,0,2,45000.0
14292,3,0,0,3,2,1,0,2,0,3,3,55000.0
14296,7,0,0,1,1,0,14,2,2,0,5,2500.0
14302,7,0,3,3,5,7,3,1,2,0,3,137500.0
14307,3,0,1,4,3,5,13,0,0,0,2,137500.0
14308,4,0,3,4,4,5,3,2,2,0,2,112500.0
14313,3,0,4,3,3,2,3,2,0,2,2,55000.0
14320,3,0,12,3,1,2,7,0,0,0,1,45000.0
14332,9,0,12,4,4,6,6,0,0,2,2,65000.0
14345,3,0,9,3,4,5,5,2,2,1,4,75000.0
14348,2,0,3,3,1,1,0,2,2,0,2,65000.0
14369,4,0,5,2,2,1,0,2,0,2,2,65000.0
