,country,experience_ml,age,role_group,gender,salary_avg
0,10,4,4,0,0,103.06289000048194
1,14,1,7,2,0,53.32961628929493
2,6,0,2,1,1,141.71828898488442
3,5,0,2,3,0,156.15953479311986
4,0,0,0,1,0,27.02080847004485
5,0,1,5,1,0,27.02080847004485
6,1,0,5,3,0,187.2326310891366
7,4,2,5,0,0,61.283233089426346
8,5,3,5,1,0,172.7492065931607
9,6,1,6,3,0,187.2326310891366
10,6,5,3,0,0,156.15953479311986
11,12,0,3,0,0,187.2326310891366
12,1,2,5,1,0,222.8988288144251
13,18,0,6,2,0,270.14982462478054
14,12,4,3,0,1,200.19851193256022
15,0,0,5,2,0,141.71828898488442
16,4,1,1,0,0,103.06289000048194
17,11,4,4,0,1,200.19851193256022
18,9,0,6,3,0,103.06289000048194
19,4,0,4,0,0,200.19851193256022
20,2,1,2,1,0,156.15953479311986
21,8,3,1,2,0,27.02080847004485
22,17,5,3,0,0,249.33775301859075
23,3,0,6,2,0,249.33775301859075
24,3,3,2,0,2,187.2326310891366
25,1,2,3,1,0,212.00749960243928
26,12,2,4,0,0,67.95421998648453
27,0,1,6,2,0,27.02080847004485
28,5,0,2,2,1,43.10818354904701
29,9,1,7,0,0,141.71828898488442
30,7,7,8,0,0,212.00749960243928
31,2,1,7,2,0,200.19851193256022
32,10,5,4,0,0,118.09813614437608
33,0,0,2,0,0,118.09813614437608
34,1,0,3,2,1,130.7087424308525
35,18,3,2,0,0,233.04048883648673
36,0,0,1,1,0,61.283233089426346
37,12,1,8,2,0,212.00749960243928
38,5,0,3,1,1,53.32961628929493
39,5,2,6,0,0,172.7492065931607
40,0,3,2,0,0,67.95421998648453
41,5,1,9,2,0,172.7492065931607
42,3,0,1,1,0,27.02080847004485
43,5,0,3,1,0,156.15953479311986
44,0,3,9,0,0,43.10818354904701
45,1,2,3,0,1,118.09813614437608
46,0,0,3,2,0,118.09813614437608
47,2,2,1,0,0,141.71828898488442
48,1,0,5,2,0,172.7492065931607
49,0,0,3,2,0,156.15953479311986
50,2,3,1,1,0,141.71828898488442
51,14,3,5,2,0,53.32961628929493
52,4,7,9,0,0,222.8988288144251
53,3,5,4,0,0,249.33775301859075
54,2,5,4,3,0,212.00749960243928
55,2,5,6,0,0,249.33775301859075
56,4,1,3,2,0,141.71828898488442
57,9,6,5,0,0,130.7087424308525
58,0,1,2,0,0,103.06289000048194
59,0,0,2,2,0,130.7087424308525
60,5,1,8,2,0,200.19851193256022
61,10,0,6,2,0,118.09813614437608
62,5,4,6,2,0,200.19851193256022
63,3,0,4,2,1,172.7492065931607
64,2,4,7,0,0,27.02080847004485
65,4,0,3,3,0,172.7492065931607
66,1,2,9,0,1,212.00749960243928
67,7,3,3,0,0,200.19851193256022
68,15,0,2,1,1,43.10818354904701
69,1,0,3,2,1,270.14982462478054
70,0,1,0,1,0,27.02080847004485
71,4,1,5,3,0,53.32961628929493
72,2,5,8,1,0,187.2326310891366
73,17,0,2,1,0,53.32961628929493
74,0,4,3,2,1,172.7492065931607
75,0,1,2,1,0,130.7087424308525
76,8,2,1,1,1,130.7087424308525
77,11,0,6,3,0,130.7087424308525
78,4,5,2,1,0,212.00749960243928
79,2,7,6,0,0,187.2326310891366
80,11,0,2,1,0,156.15953479311986
81,3,0,4,2,0,187.2326310891366
82,5,3,4,0,0,156.15953479311986
83,3,1,4,3,1,200.19851193256022
84,4,2,4,0,1,233.04048883648673
85,1,1,1,3,0,172.7492065931607
86,9,5,7,0,0,187.2326310891366
87,0,6,5,0,0,43.10818354904701
88,1,4,1,1,0,200.19851193256022
89,4,6,5,1,1,200.19851193256022
90,7,4,3,0,1,200.19851193256022
91,0,2,1,1,0,103.06289000048194
92,3,2,3,0,0,222.8988288144251
93,3,0,2,2,1,187.2326310891366
94,0,0,4,2,0,118.09813614437608
95,3,1,3,0,0,200.19851193256022
96,10,3,1,1,0,141.71828898488442
97,2,3,4,0,1,172.7492065931607
98,14,3,7,1,0,27.02080847004485
99,7,4,9,0,2,222.8988288144251
100,2,0,7,2,0,200.19851193256022
101,1,2,4,0,0,233.04048883648673
102,3,0,9,1,2,249.33775301859075
103,0,4,2,1,0,233.04048883648673
104,6,1,6,1,0,233.04048883648673
105,3,4,2,0,0,200.19851193256022
106,3,0,5,2,0,89.16583905874286
107,7,0,3,0,1,156.15953479311986
108,5,0,7,2,0,187.2326310891366
109,6,2,1,0,0,172.7492065931607
110,9,4,3,1,0,200.19851193256022
111,1,6,8,0,0,233.04048883648673
112,3,3,8,1,0,233.04048883648673
113,6,0,1,1,0,172.7492065931607
114,3,0,3,2,1,200.19851193256022
115,7,7,8,0,0,249.33775301859075
116,2,5,5,0,0,200.19851193256022
117,0,0,3,2,1,89.16583905874286
118,1,0,7,2,0,172.7492065931607
119,4,4,3,2,0,249.33775301859075
120,2,7,9,3,0,249.33775301859075
121,4,2,1,0,1,212.00749960243928
122,2,1,6,2,0,200.19851193256022
123,0,2,0,1,0,27.02080847004485
124,4,2,2,2,0,249.33775301859075
125,18,4,3,0,0,103.06289000048194
126,12,0,3,3,0,187.2326310891366
127,11,0,7,3,0,249.33775301859075
128,18,2,3,1,0,187.2326310891366
129,3,4,3,0,0,156.15953479311986
130,8,0,4,1,0,43.10818354904701
131,1,0,3,2,0,156.15953479311986
132,2,4,2,0,0,200.19851193256022
133,14,1,2,0,0,141.71828898488442
134,10,1,1,1,0,118.09813614437608
135,1,1,1,0,0,156.15953479311986
136,14,1,1,1,0,27.02080847004485
137,3,1,4,3,0,233.04048883648673
138,4,0,3,0,0,118.09813614437608
139,4,2,9,0,0,222.8988288144251
140,3,3,5,0,0,222.8988288144251
141,2,3,6,1,0,270.14982462478054
142,2,3,8,0,0,187.2326310891366
143,0,0,1,1,0,103.06289000048194
144,0,3,2,1,0,172.7492065931607
145,3,5,8,1,0,156.15953479311986
146,3,6,7,0,0,200.19851193256022
147,1,1,2,0,0,187.2326310891366
148,0,5,6,2,0,249.33775301859075
149,2,1,2,0,0,172.7492065931607
150,3,4,2,0,0,249.33775301859075
151,12,4,6,0,0,249.33775301859075
152,2,5,2,0,0,130.7087424308525
153,17,0,4,0,0,212.00749960243928
154,2,0,6,1,0,172.7492065931607
155,0,1,6,2,0,187.2326310891366
156,1,1,1,2,0,172.7492065931607
157,2,1,2,0,0,156.15953479311986
158,2,1,7,1,0,172.7492065931607
159,7,2,2,0,0,200.19851193256022
160,7,3,5,0,0,212.00749960243928
161,0,0,3,1,0,172.7492065931607
162,4,0,5,2,0,27.02080847004485
163,7,7,8,0,0,249.33775301859075
164,4,5,4,0,0,141.71828898488442
165,5,2,7,1,0,156.15953479311986
166,4,0,4,2,0,156.15953479311986
167,4,0,3,3,0,141.71828898488442
168,4,0,4,2,0,187.2326310891366
169,0,1,2,0,0,27.02080847004485
170,1,0,6,0,1,141.71828898488442
171,11,2,1,1,0,172.7492065931607
172,1,1,7,0,0,270.14982462478054
173,2,0,5,1,0,200.19851193256022
174,2,6,6,2,0,187.2326310891366
175,17,6,6,2,0,270.14982462478054
176,2,2,6,2,0,172.7492065931607
177,3,0,2,0,0,187.2326310891366
178,2,2,2,2,0,141.71828898488442
179,5,3,3,1,0,172.7492065931607
180,0,1,7,2,0,103.06289000048194
181,3,7,6,1,0,53.32961628929493
182,6,0,1,2,0,103.06289000048194
183,3,2,3,0,0,222.8988288144251
184,0,1,4,2,0,270.14982462478054
185,5,5,4,1,0,187.2326310891366
186,3,5,8,0,0,249.33775301859075
187,3,2,5,1,0,200.19851193256022
188,11,0,3,0,1,172.7492065931607
189,2,0,6,1,0,43.10818354904701
190,2,5,4,0,0,200.19851193256022
191,5,0,8,3,0,27.02080847004485
192,0,0,1,2,1,43.10818354904701
193,1,7,6,0,0,270.14982462478054
194,0,2,2,0,0,156.15953479311986
195,5,1,2,0,0,43.10818354904701
196,2,5,4,0,0,43.10818354904701
197,11,3,5,1,0,172.7492065931607
198,0,0,1,0,0,27.02080847004485
199,2,3,6,0,0,187.2326310891366
200,4,0,3,0,0,156.15953479311986
201,0,1,0,1,0,222.8988288144251
202,0,0,5,3,0,130.7087424308525
203,3,0,7,1,0,249.33775301859075
204,2,2,2,0,0,118.09813614437608
205,1,0,3,1,0,222.8988288144251
206,0,0,4,1,0,118.09813614437608
207,6,4,3,0,0,200.19851193256022
208,4,1,3,2,0,187.2326310891366
209,0,0,4,1,0,89.16583905874286
210,0,0,1,0,0,233.04048883648673
211,0,5,3,1,0,172.7492065931607
212,15,0,1,1,1,43.10818354904701
213,5,7,9,0,0,27.02080847004485
214,5,2,5,1,0,156.15953479311986
215,1,1,2,2,0,187.2326310891366
216,1,3,6,2,0,187.2326310891366
217,1,0,6,3,0,249.33775301859075
218,6,0,1,2,0,118.09813614437608
219,2,5,7,3,0,187.2326310891366
220,6,3,3,1,0,270.14982462478054
221,0,1,0,0,0,27.02080847004485
222,3,1,9,1,0,61.283233089426346
223,7,4,3,0,0,212.00749960243928
224,1,1,4,1,1,222.8988288144251
225,0,0,1,3,0,67.95421998648453
226,6,0,0,1,0,27.02080847004485
227,4,1,3,2,0,156.15953479311986
228,17,1,1,0,0,118.09813614437608
229,19,1,1,1,0,103.06289000048194
230,13,3,4,0,0,233.04048883648673
231,0,4,3,0,0,141.71828898488442
232,5,0,2,1,0,141.71828898488442
233,6,1,4,1,0,130.7087424308525
234,7,4,4,0,0,200.19851193256022
235,9,1,4,1,0,172.7492065931607
236,12,0,5,0,0,61.283233089426346
237,8,1,6,2,0,130.7087424308525
238,14,2,3,0,0,212.00749960243928
239,4,2,3,3,0,249.33775301859075
240,2,3,1,0,0,103.06289000048194
241,8,6,5,0,0,61.283233089426346
242,19,0,2,3,0,103.06289000048194
243,15,5,3,1,0,187.2326310891366
244,7,5,2,2,0,187.2326310891366
245,3,5,3,1,0,212.00749960243928
246,0,0,2,2,0,141.71828898488442
247,1,5,3,0,0,222.8988288144251
248,6,2,2,0,0,200.19851193256022
249,6,0,2,2,1,27.02080847004485
250,2,2,3,0,0,130.7087424308525
251,16,4,2,0,0,141.71828898488442
252,0,0,6,0,0,27.02080847004485
253,0,2,7,2,0,89.16583905874286
254,2,6,5,2,0,130.7087424308525
255,5,5,8,1,0,249.33775301859075
256,1,4,6,0,0,222.8988288144251
257,5,3,8,2,0,156.15953479311986
258,9,2,6,2,0,200.19851193256022
259,16,1,5,0,1,141.71828898488442
260,4,0,5,3,0,187.2326310891366
261,16,0,1,1,1,130.7087424308525
262,7,5,7,1,0,172.7492065931607
263,4,0,6,3,0,200.19851193256022
264,9,5,4,2,0,212.00749960243928
265,0,1,0,1,0,27.02080847004485
266,3,0,2,0,0,130.7087424308525
267,5,2,2,0,0,156.15953479311986
268,13,5,3,0,0,249.33775301859075
269,14,3,5,1,0,53.32961628929493
270,12,5,3,3,0,141.71828898488442
271,8,0,3,1,0,53.32961628929493
272,16,3,5,1,0,212.00749960243928
273,3,0,4,2,0,270.14982462478054
274,2,1,6,1,0,187.2326310891366
275,6,0,2,2,2,43.10818354904701
276,5,2,2,0,0,141.71828898488442
277,19,2,2,0,0,77.73682636782002
278,1,0,8,1,0,200.19851193256022
279,0,0,2,0,0,103.06289000048194
280,1,0,3,2,0,103.06289000048194
281,15,0,1,2,0,141.71828898488442
282,11,2,2,1,0,172.7492065931607
283,3,6,5,2,0,249.33775301859075
284,5,5,6,0,0,156.15953479311986
285,4,0,5,0,0,43.10818354904701
286,6,0,2,2,0,103.06289000048194
287,1,0,6,3,0,249.33775301859075
288,7,0,2,3,0,172.7492065931607
289,3,5,5,3,0,200.19851193256022
290,16,5,3,1,0,172.7492065931607
291,1,3,5,0,0,212.00749960243928
292,12,2,4,3,0,212.00749960243928
293,3,1,5,2,0,222.8988288144251
294,15,1,1,1,0,118.09813614437608
295,9,1,2,1,1,27.02080847004485
296,1,1,7,2,0,187.2326310891366
297,0,0,3,1,0,103.06289000048194
298,3,0,3,2,1,200.19851193256022
299,2,5,4,0,1,200.19851193256022
300,1,1,4,1,0,212.00749960243928
301,1,2,1,3,0,222.8988288144251
302,3,2,4,1,1,249.33775301859075
303,12,3,3,0,0,156.15953479311986
304,1,3,5,0,0,249.33775301859075
305,9,4,2,0,0,103.06289000048194
306,5,5,5,0,0,172.7492065931607
307,7,1,2,2,0,200.19851193256022
308,0,1,3,1,0,141.71828898488442
309,3,0,5,1,0,249.33775301859075
310,19,0,0,1,0,77.73682636782002
311,2,0,3,3,0,156.15953479311986
312,7,3,3,0,0,212.00749960243928
313,5,1,2,0,0,43.10818354904701
314,8,0,1,1,0,53.32961628929493
315,0,2,4,1,0,156.15953479311986
316,8,3,3,1,1,61.283233089426346
317,4,6,6,0,0,172.7492065931607
318,3,0,3,0,0,200.19851193256022
319,3,0,5,1,1,187.2326310891366
320,5,2,2,0,0,43.10818354904701
321,12,3,4,1,0,156.15953479311986
322,3,1,2,2,0,61.283233089426346
323,5,2,5,0,0,156.15953479311986
324,4,5,4,1,0,222.8988288144251
325,1,0,1,0,0,172.7492065931607
326,7,5,6,0,0,270.14982462478054
327,1,4,7,1,0,270.14982462478054
328,3,5,8,0,0,270.14982462478054
329,3,2,2,1,0,187.2326310891366
330,5,6,5,0,0,156.15953479311986
331,2,5,3,0,0,187.2326310891366
332,6,3,6,1,0,187.2326310891366
333,3,5,3,0,0,249.33775301859075
334,10,0,4,2,1,141.71828898488442
335,11,1,5,1,0,222.8988288144251
336,16,0,2,1,0,156.15953479311986
337,15,2,3,0,0,172.7492065931607
338,0,0,1,0,0,103.06289000048194
339,3,0,4,2,0,27.02080847004485
340,2,0,2,2,0,172.7492065931607
341,2,1,1,1,0,118.09813614437608
342,19,0,3,0,0,27.02080847004485
343,3,2,3,2,0,233.04048883648673
344,5,0,2,2,0,130.7087424308525
345,3,2,2,0,0,103.06289000048194
346,0,0,1,2,0,103.06289000048194
347,7,7,5,0,2,233.04048883648673
348,9,4,3,0,0,172.7492065931607
349,2,1,3,1,0,141.71828898488442
350,4,2,3,1,0,187.2326310891366
351,1,0,9,1,0,141.71828898488442
352,6,1,2,0,1,53.32961628929493
353,4,3,3,0,0,212.00749960243928
354,0,0,3,3,0,103.06289000048194
355,0,3,2,0,1,156.15953479311986
356,6,1,6,2,0,233.04048883648673
357,0,1,3,0,0,156.15953479311986
358,8,1,1,1,0,77.73682636782002
359,1,0,1,1,0,27.02080847004485
360,1,2,2,0,0,187.2326310891366
361,14,4,3,0,0,212.00749960243928
362,1,1,5,1,0,187.2326310891366
363,12,2,3,1,1,187.2326310891366
364,0,1,0,0,0,27.02080847004485
365,3,0,7,2,0,200.19851193256022
366,2,0,2,0,0,141.71828898488442
367,3,0,5,2,0,222.8988288144251
368,8,0,4,1,0,130.7087424308525
369,1,5,9,2,0,103.06289000048194
370,6,0,1,1,0,141.71828898488442
371,3,1,3,0,0,43.10818354904701
372,2,0,7,2,0,53.32961628929493
373,1,0,0,1,0,156.15953479311986
374,2,3,2,1,0,141.71828898488442
375,1,0,3,2,0,141.71828898488442
376,0,1,2,3,0,53.32961628929493
377,2,0,5,0,0,130.7087424308525
378,9,1,4,0,0,141.71828898488442
379,0,2,5,0,0,200.19851193256022
380,6,5,3,0,0,156.15953479311986
381,4,1,3,2,0,156.15953479311986
382,1,1,2,0,0,212.00749960243928
383,2,3,2,1,0,130.7087424308525
384,6,1,2,1,0,200.19851193256022
385,13,4,4,0,1,141.71828898488442
386,14,2,4,1,0,156.15953479311986
387,2,4,7,3,0,187.2326310891366
388,3,1,6,2,0,249.33775301859075
389,8,3,3,3,1,67.95421998648453
390,18,2,9,0,0,77.73682636782002
391,4,0,3,0,1,27.02080847004485
392,2,5,8,0,0,222.8988288144251
393,7,3,7,1,0,270.14982462478054
394,3,6,3,0,1,212.00749960243928
395,2,0,0,1,0,89.16583905874286
396,4,2,1,1,0,172.7492065931607
397,3,0,2,2,1,187.2326310891366
398,0,5,9,2,0,43.10818354904701
399,0,0,3,2,0,141.71828898488442
400,5,3,6,2,0,200.19851193256022
401,3,1,2,2,1,172.7492065931607
402,9,4,2,1,1,200.19851193256022
403,3,2,1,0,0,200.19851193256022
404,0,0,5,2,0,118.09813614437608
405,8,6,5,0,0,67.95421998648453
406,9,3,4,1,1,118.09813614437608
407,0,4,5,0,0,156.15953479311986
408,0,1,5,0,0,61.283233089426346
409,3,0,6,2,1,141.71828898488442
410,0,1,1,1,0,43.10818354904701
411,3,1,7,1,0,172.7492065931607
412,1,1,2,0,0,141.71828898488442
413,4,0,2,0,0,222.8988288144251
414,6,1,2,0,0,172.7492065931607
415,0,0,1,0,0,89.16583905874286
416,7,0,3,1,0,187.2326310891366
417,5,4,3,0,0,141.71828898488442
418,10,0,1,1,0,27.02080847004485
419,5,1,6,1,0,27.02080847004485
420,5,4,4,0,0,130.7087424308525
421,11,1,6,1,0,212.00749960243928
422,5,1,2,0,0,172.7492065931607
423,8,3,2,1,0,53.32961628929493
424,1,3,3,1,0,233.04048883648673
425,2,0,1,1,0,141.71828898488442
426,2,6,5,0,0,212.00749960243928
427,6,1,7,0,0,172.7492065931607
428,0,0,0,2,1,77.73682636782002
429,1,2,9,0,0,200.19851193256022
430,4,5,3,0,0,212.00749960243928
431,3,0,4,3,0,156.15953479311986
432,0,3,3,1,0,187.2326310891366
433,2,5,3,0,0,172.7492065931607
434,0,1,4,1,0,43.10818354904701
435,2,0,4,3,0,141.71828898488442
436,1,3,3,0,0,222.8988288144251
437,3,0,2,1,0,187.2326310891366
438,1,4,4,0,1,200.19851193256022
439,0,1,5,1,0,141.71828898488442
440,3,5,5,2,0,249.33775301859075
441,4,1,3,1,0,212.00749960243928
442,2,5,8,0,0,172.7492065931607
443,0,0,0,2,0,103.06289000048194
444,1,2,3,0,0,212.00749960243928
445,17,5,3,0,0,187.2326310891366
446,3,0,4,2,0,270.14982462478054
447,0,0,5,2,0,27.02080847004485
448,2,0,6,0,0,141.71828898488442
449,1,0,1,1,0,172.7492065931607
450,8,2,8,0,0,27.02080847004485
451,2,4,8,0,1,27.02080847004485
452,3,2,2,0,1,156.15953479311986
453,3,0,2,0,1,187.2326310891366
454,4,3,6,1,0,249.33775301859075
455,3,2,5,1,0,233.04048883648673
456,2,1,6,2,0,222.8988288144251
457,3,1,5,0,1,212.00749960243928
458,8,1,4,0,0,27.02080847004485
459,14,0,3,3,0,172.7492065931607
460,5,1,2,0,0,103.06289000048194
461,2,3,7,3,0,200.19851193256022
462,2,0,5,2,0,222.8988288144251
463,5,2,2,0,0,141.71828898488442
464,7,0,4,0,1,156.15953479311986
465,3,2,2,0,0,187.2326310891366
466,5,7,9,0,0,156.15953479311986
467,1,0,3,0,0,200.19851193256022
468,2,1,5,3,0,172.7492065931607
469,12,4,3,0,0,172.7492065931607
470,2,5,9,0,0,172.7492065931607
471,0,5,9,0,0,89.16583905874286
472,15,4,2,0,0,187.2326310891366
473,2,1,2,0,0,118.09813614437608
474,17,4,6,0,0,233.04048883648673
475,11,3,4,0,0,249.33775301859075
476,0,0,5,0,0,43.10818354904701
477,0,0,4,1,0,103.06289000048194
478,0,2,1,1,0,130.7087424308525
479,5,0,9,2,0,172.7492065931607
480,19,0,3,0,0,27.02080847004485
481,5,2,2,0,0,103.06289000048194
482,5,1,7,1,0,156.15953479311986
483,3,2,2,1,0,200.19851193256022
484,4,4,3,0,0,270.14982462478054
485,9,1,2,1,0,43.10818354904701
486,0,1,1,0,0,27.02080847004485
487,0,0,0,2,0,103.06289000048194
488,15,1,4,0,0,187.2326310891366
489,0,3,2,1,0,53.32961628929493
490,6,1,8,1,1,103.06289000048194
491,4,0,3,2,0,172.7492065931607
492,7,2,2,1,0,222.8988288144251
493,1,1,3,3,0,53.32961628929493
494,11,1,3,1,0,233.04048883648673
495,7,1,7,2,1,249.33775301859075
496,5,4,4,1,0,141.71828898488442
497,4,2,2,0,0,200.19851193256022
498,1,2,3,0,0,212.00749960243928
499,9,0,2,2,0,27.02080847004485
500,12,1,3,0,0,222.8988288144251
501,0,3,2,1,0,77.73682636782002
502,19,0,6,1,0,103.06289000048194
503,6,3,2,0,1,130.7087424308525
504,0,1,3,2,0,118.09813614437608
505,2,2,6,2,0,187.2326310891366
506,2,4,6,2,0,187.2326310891366
507,3,4,3,0,0,233.04048883648673
508,18,0,1,1,0,103.06289000048194
509,5,2,1,0,0,103.06289000048194
510,7,5,2,0,2,187.2326310891366
511,0,5,6,0,0,141.71828898488442
512,0,0,0,1,0,103.06289000048194
513,4,0,5,0,0,212.00749960243928
514,0,1,4,0,0,141.71828898488442
515,0,0,3,2,0,103.06289000048194
516,15,4,3,0,0,156.15953479311986
517,8,0,2,1,0,200.19851193256022
518,10,0,3,3,0,103.06289000048194
519,7,2,2,0,0,53.32961628929493
520,0,4,3,1,0,156.15953479311986
521,6,2,2,0,0,172.7492065931607
522,4,0,4,2,2,27.02080847004485
523,6,2,6,0,0,53.32961628929493
524,8,4,6,0,0,103.06289000048194
525,4,5,3,1,0,200.19851193256022
526,4,4,3,1,0,187.2326310891366
527,4,0,2,3,0,172.7492065931607
528,5,4,8,1,0,130.7087424308525
529,0,0,5,1,0,118.09813614437608
530,7,1,6,3,2,222.8988288144251
531,19,0,4,1,0,187.2326310891366
532,4,1,3,2,1,43.10818354904701
533,6,4,2,2,0,187.2326310891366
534,8,6,4,0,1,156.15953479311986
535,1,1,4,0,1,27.02080847004485
536,13,2,2,0,0,249.33775301859075
537,2,1,4,0,0,43.10818354904701
538,10,4,4,1,0,156.15953479311986
539,8,0,6,0,0,67.95421998648453
540,11,4,0,1,0,200.19851193256022
541,4,3,3,2,0,212.00749960243928
542,4,2,6,2,0,233.04048883648673
543,4,0,2,0,0,156.15953479311986
544,14,3,6,2,0,200.19851193256022
545,6,1,6,0,0,103.06289000048194
546,5,3,4,0,0,118.09813614437608
547,0,1,1,1,0,61.283233089426346
548,8,0,5,2,0,77.73682636782002
549,0,0,9,2,0,172.7492065931607
550,17,0,0,0,0,27.02080847004485
551,3,6,4,0,0,222.8988288144251
552,9,3,7,0,0,89.16583905874286
553,3,2,1,0,0,103.06289000048194
554,3,5,3,0,0,200.19851193256022
555,5,0,1,0,1,27.02080847004485
556,1,1,7,2,0,172.7492065931607
557,2,5,6,2,0,270.14982462478054
558,1,1,5,2,1,172.7492065931607
559,5,2,2,2,0,156.15953479311986
560,4,0,4,2,0,233.04048883648673
561,2,0,2,1,0,77.73682636782002
562,10,0,3,2,0,118.09813614437608
563,7,2,6,3,1,270.14982462478054
564,2,1,4,1,0,156.15953479311986
565,3,1,7,0,0,27.02080847004485
566,3,2,3,1,0,233.04048883648673
567,2,2,2,3,0,130.7087424308525
568,5,4,6,3,0,270.14982462478054
569,6,3,2,1,0,187.2326310891366
570,1,1,2,0,0,212.00749960243928
571,2,6,4,0,0,233.04048883648673
572,0,2,7,0,0,43.10818354904701
573,5,0,9,1,0,103.06289000048194
574,11,1,5,2,0,187.2326310891366
575,8,1,3,0,0,118.09813614437608
576,11,0,2,3,0,172.7492065931607
577,5,1,3,1,1,27.02080847004485
578,2,6,9,0,1,249.33775301859075
579,4,1,4,0,0,156.15953479311986
580,3,2,3,1,1,222.8988288144251
581,0,1,1,0,0,103.06289000048194
582,10,1,2,2,0,43.10818354904701
583,2,7,7,0,0,187.2326310891366
584,4,6,4,0,0,200.19851193256022
585,6,2,4,0,0,141.71828898488442
586,0,1,3,1,0,118.09813614437608
587,0,1,3,0,0,156.15953479311986
588,5,0,5,1,0,156.15953479311986
589,5,5,7,0,0,187.2326310891366
590,0,0,1,2,0,43.10818354904701
591,0,1,2,1,0,270.14982462478054
592,4,1,2,0,1,27.02080847004485
593,3,5,8,3,0,270.14982462478054
594,6,0,3,2,0,130.7087424308525
595,4,5,6,3,0,222.8988288144251
596,9,3,5,0,0,187.2326310891366
597,1,0,1,2,0,172.7492065931607
598,0,3,2,1,0,187.2326310891366
599,6,6,7,2,0,103.06289000048194
600,0,1,4,2,0,187.2326310891366
601,8,1,0,0,0,77.73682636782002
602,1,1,2,0,0,212.00749960243928
603,2,1,4,1,0,156.15953479311986
604,3,2,4,0,0,233.04048883648673
605,7,5,5,1,0,212.00749960243928
606,12,5,4,1,0,212.00749960243928
607,8,0,0,1,0,27.02080847004485
608,16,0,2,2,1,27.02080847004485
609,2,0,7,3,0,187.2326310891366
610,5,1,7,0,0,27.02080847004485
611,3,4,2,0,0,172.7492065931607
612,5,4,2,0,0,187.2326310891366
613,0,1,0,1,0,43.10818354904701
614,2,4,3,3,0,270.14982462478054
615,5,1,3,0,0,43.10818354904701
616,3,0,3,3,1,27.02080847004485
617,6,3,1,0,0,27.02080847004485
618,10,5,3,0,1,130.7087424308525
619,6,0,1,0,0,27.02080847004485
620,2,2,2,0,0,156.15953479311986
621,9,4,2,0,1,43.10818354904701
622,11,0,5,3,1,212.00749960243928
623,19,2,4,1,0,187.2326310891366
624,0,0,2,2,0,103.06289000048194
625,0,2,4,2,0,103.06289000048194
626,3,7,5,0,0,249.33775301859075
627,0,0,0,0,0,61.283233089426346
628,7,4,4,0,0,249.33775301859075
629,0,0,1,1,1,249.33775301859075
630,3,1,8,1,0,222.8988288144251
631,0,2,6,0,0,77.73682636782002
632,6,1,2,1,0,141.71828898488442
633,0,0,3,0,1,67.95421998648453
634,9,0,7,0,1,89.16583905874286
635,16,0,1,2,0,130.7087424308525
636,1,2,2,2,0,156.15953479311986
637,4,1,2,0,2,27.02080847004485
638,7,6,8,0,0,249.33775301859075
639,17,0,3,0,0,233.04048883648673
640,2,2,5,2,0,233.04048883648673
641,8,3,2,1,0,172.7492065931607
642,0,2,0,0,0,103.06289000048194
643,4,2,3,1,0,172.7492065931607
644,0,0,3,0,0,118.09813614437608
645,6,3,2,0,1,156.15953479311986
646,2,1,2,1,0,118.09813614437608
647,0,0,6,3,0,43.10818354904701
648,5,4,6,0,0,103.06289000048194
649,2,0,7,0,0,43.10818354904701
650,2,0,6,3,0,172.7492065931607
651,0,0,3,1,0,53.32961628929493
652,7,0,6,1,0,212.00749960243928
653,3,0,3,2,0,61.283233089426346
654,0,2,0,1,0,53.32961628929493
655,12,4,5,3,0,249.33775301859075
656,6,1,1,2,0,130.7087424308525
657,0,1,6,2,0,27.02080847004485
658,3,2,3,1,1,27.02080847004485
659,3,0,2,1,0,27.02080847004485
660,5,1,3,3,0,141.71828898488442
661,2,0,2,2,0,172.7492065931607
662,0,4,3,0,0,187.2326310891366
663,13,2,6,1,0,222.8988288144251
664,17,4,6,0,0,270.14982462478054
665,0,1,5,1,0,103.06289000048194
666,0,2,1,2,0,89.16583905874286
667,2,5,7,2,0,156.15953479311986
668,15,0,3,3,0,156.15953479311986
669,3,3,2,3,1,172.7492065931607
670,10,2,1,2,0,89.16583905874286
671,16,0,5,2,0,77.73682636782002
672,14,1,3,0,0,270.14982462478054
673,8,1,4,0,0,43.10818354904701
674,4,4,2,0,0,130.7087424308525
675,0,2,9,1,0,77.73682636782002
676,3,4,3,1,0,249.33775301859075
677,4,2,6,1,0,187.2326310891366
678,8,4,9,0,0,61.283233089426346
679,0,1,0,0,0,103.06289000048194
680,2,2,2,0,1,141.71828898488442
681,3,5,5,3,0,249.33775301859075
682,17,4,8,1,0,270.14982462478054
683,4,6,9,3,0,89.16583905874286
684,7,3,4,0,0,200.19851193256022
685,4,3,5,3,0,249.33775301859075
686,8,1,6,0,0,103.06289000048194
687,8,2,1,0,0,27.02080847004485
688,2,2,1,2,0,118.09813614437608
689,4,2,2,0,0,200.19851193256022
690,17,0,5,2,0,222.8988288144251
691,2,6,8,2,0,249.33775301859075
692,17,2,5,1,0,200.19851193256022
693,4,4,6,0,0,130.7087424308525
694,16,2,2,0,0,156.15953479311986
695,11,0,3,0,0,118.09813614437608
696,3,0,3,0,0,187.2326310891366
697,11,1,3,1,0,77.73682636782002
698,5,2,2,0,0,156.15953479311986
699,12,1,2,0,0,172.7492065931607
700,6,1,1,0,0,89.16583905874286
701,0,0,9,3,0,77.73682636782002
702,3,4,4,1,0,249.33775301859075
703,8,3,1,0,0,43.10818354904701
704,5,0,3,0,0,156.15953479311986
705,1,3,3,0,0,249.33775301859075
706,2,0,4,3,0,141.71828898488442
707,8,0,2,1,0,156.15953479311986
708,1,0,3,1,0,212.00749960243928
709,9,0,5,1,1,27.02080847004485
710,6,4,4,0,0,200.19851193256022
711,3,4,4,1,0,270.14982462478054
712,18,1,2,2,0,172.7492065931607
713,1,4,7,3,0,172.7492065931607
714,3,6,5,0,0,200.19851193256022
715,5,1,1,3,0,27.02080847004485
716,9,2,5,0,0,172.7492065931607
717,3,3,2,0,0,212.00749960243928
718,19,0,3,2,0,27.02080847004485
719,8,1,4,0,0,61.283233089426346
720,2,0,6,3,0,43.10818354904701
721,0,1,1,0,0,77.73682636782002
722,14,2,3,0,0,270.14982462478054
723,5,6,5,0,0,156.15953479311986
724,14,2,2,0,0,27.02080847004485
725,3,0,2,3,1,156.15953479311986
726,9,6,7,0,0,141.71828898488442
727,3,2,1,0,1,200.19851193256022
728,9,4,7,3,0,130.7087424308525
729,0,4,2,0,0,156.15953479311986
730,6,1,6,0,0,67.95421998648453
731,0,2,5,3,0,270.14982462478054
732,18,3,3,0,0,187.2326310891366
733,3,5,4,0,1,212.00749960243928
734,11,0,2,3,0,222.8988288144251
735,2,0,2,2,0,27.02080847004485
736,4,1,2,2,0,172.7492065931607
737,8,5,3,0,0,249.33775301859075
738,2,5,3,0,0,222.8988288144251
739,4,2,8,1,0,187.2326310891366
740,0,0,5,1,0,61.283233089426346
741,11,5,3,0,0,187.2326310891366
742,0,1,3,1,0,53.32961628929493
743,8,0,4,1,0,187.2326310891366
744,1,0,5,3,1,187.2326310891366
745,4,5,2,1,0,172.7492065931607
746,19,2,4,2,0,156.15953479311986
747,0,1,3,0,0,27.02080847004485
748,4,0,4,1,0,27.02080847004485
749,10,1,5,1,0,156.15953479311986
750,19,0,1,0,1,43.10818354904701
751,2,1,2,2,0,141.71828898488442
752,18,3,0,0,0,172.7492065931607
753,6,4,2,0,0,130.7087424308525
754,9,3,3,1,0,156.15953479311986
755,18,0,4,2,0,27.02080847004485
756,7,3,8,2,0,200.19851193256022
757,6,5,5,0,0,141.71828898488442
758,3,1,4,3,0,156.15953479311986
759,18,4,2,0,1,53.32961628929493
760,4,1,6,2,0,233.04048883648673
761,0,5,4,3,0,212.00749960243928
762,3,2,7,1,0,270.14982462478054
763,8,1,2,2,0,89.16583905874286
764,0,1,5,0,1,27.02080847004485
765,3,5,4,2,0,187.2326310891366
766,2,6,6,3,0,130.7087424308525
767,2,1,2,0,0,141.71828898488442
768,4,5,9,0,0,187.2326310891366
769,3,4,9,0,0,270.14982462478054
770,7,1,6,2,0,212.00749960243928
771,4,4,3,0,0,212.00749960243928
772,4,7,3,0,0,43.10818354904701
773,0,3,1,1,0,27.02080847004485
774,14,0,3,0,0,187.2326310891366
775,7,4,4,0,0,200.19851193256022
776,7,6,4,0,0,233.04048883648673
777,5,1,6,1,0,187.2326310891366
778,2,5,6,0,0,212.00749960243928
779,8,0,3,0,0,103.06289000048194
780,1,2,6,0,1,212.00749960243928
781,2,0,6,1,0,156.15953479311986
782,12,2,6,3,0,249.33775301859075
783,0,2,2,2,0,61.283233089426346
784,0,1,0,2,0,61.283233089426346
785,1,0,1,2,0,103.06289000048194
786,5,7,6,3,0,222.8988288144251
787,1,1,3,0,1,172.7492065931607
788,16,5,5,0,0,172.7492065931607
789,5,1,1,0,0,187.2326310891366
790,1,2,4,2,0,187.2326310891366
791,0,3,2,1,0,118.09813614437608
792,3,1,1,0,0,187.2326310891366
793,16,4,3,0,0,187.2326310891366
794,5,1,6,2,0,156.15953479311986
795,9,5,3,0,0,172.7492065931607
796,0,1,3,1,0,187.2326310891366
797,2,2,4,1,0,53.32961628929493
798,0,0,3,0,0,89.16583905874286
799,2,6,7,2,0,187.2326310891366
800,5,2,2,0,0,141.71828898488442
801,4,3,2,0,0,187.2326310891366
802,1,1,2,1,1,27.02080847004485
803,6,0,2,3,1,118.09813614437608
804,9,0,2,0,0,141.71828898488442
805,6,0,5,1,0,172.7492065931607
806,7,4,3,3,0,187.2326310891366
807,8,2,7,0,0,141.71828898488442
808,0,2,3,0,0,43.10818354904701
809,3,3,2,1,0,172.7492065931607
810,14,3,2,0,0,43.10818354904701
811,6,1,5,2,0,67.95421998648453
812,14,2,7,2,0,53.32961628929493
813,2,7,7,0,0,187.2326310891366
814,4,3,3,0,1,172.7492065931607
815,9,0,7,2,0,27.02080847004485
816,15,5,7,0,0,156.15953479311986
817,1,1,7,0,0,172.7492065931607
818,10,5,3,0,1,212.00749960243928
819,1,3,4,0,0,222.8988288144251
820,3,1,2,1,1,187.2326310891366
821,10,2,7,3,0,222.8988288144251
822,0,0,4,0,0,103.06289000048194
823,3,2,4,0,0,187.2326310891366
824,4,3,2,0,0,187.2326310891366
825,0,1,4,0,0,43.10818354904701
826,14,5,2,0,0,172.7492065931607
827,1,2,9,3,0,249.33775301859075
828,6,1,6,2,0,43.10818354904701
829,1,2,3,0,2,212.00749960243928
830,4,5,7,0,0,233.04048883648673
831,15,3,2,1,0,130.7087424308525
832,6,1,2,2,0,27.02080847004485
833,13,1,3,0,1,27.02080847004485
834,1,2,1,0,0,172.7492065931607
835,6,0,2,2,1,89.16583905874286
836,1,0,3,3,0,249.33775301859075
837,0,2,1,0,0,130.7087424308525
838,1,1,5,0,1,200.19851193256022
839,8,0,0,0,0,27.02080847004485
840,9,0,2,2,1,118.09813614437608
841,1,0,4,2,1,212.00749960243928
842,2,5,3,0,0,156.15953479311986
843,0,0,2,1,0,27.02080847004485
844,8,0,5,1,0,156.15953479311986
845,3,4,5,0,0,212.00749960243928
846,0,2,2,2,0,53.32961628929493
847,3,4,9,0,0,249.33775301859075
848,2,2,3,2,0,172.7492065931607
849,13,2,4,0,0,212.00749960243928
850,6,4,3,1,0,53.32961628929493
851,6,4,4,1,0,156.15953479311986
852,2,2,6,1,0,222.8988288144251
853,0,1,3,1,0,156.15953479311986
854,7,0,3,0,0,43.10818354904701
855,0,3,2,1,0,53.32961628929493
856,0,2,3,1,0,43.10818354904701
857,2,0,1,3,0,103.06289000048194
858,0,0,2,2,1,27.02080847004485
859,2,5,3,0,0,187.2326310891366
860,4,5,5,0,1,249.33775301859075
861,0,0,2,3,0,27.02080847004485
862,0,1,5,1,0,156.15953479311986
863,5,3,2,0,0,118.09813614437608
864,11,1,1,0,0,27.02080847004485
865,2,1,6,2,0,172.7492065931607
866,4,0,7,1,0,212.00749960243928
867,5,1,5,0,0,130.7087424308525
868,1,2,0,0,0,172.7492065931607
869,0,3,2,0,0,61.283233089426346
870,1,0,1,0,0,141.71828898488442
871,10,0,4,1,0,222.8988288144251
872,9,3,4,1,1,118.09813614437608
873,3,6,4,0,1,27.02080847004485
874,10,6,4,0,0,53.32961628929493
875,3,2,1,0,0,187.2326310891366
876,3,1,7,1,0,187.2326310891366
877,1,0,8,1,0,130.7087424308525
878,0,5,3,2,0,156.15953479311986
879,8,4,9,0,0,43.10818354904701
880,14,5,2,0,0,200.19851193256022
881,0,0,3,0,1,61.283233089426346
882,1,0,2,2,0,187.2326310891366
883,1,1,3,0,0,200.19851193256022
884,1,2,5,2,1,187.2326310891366
885,11,5,4,0,0,172.7492065931607
886,6,5,5,2,0,200.19851193256022
887,5,1,2,2,0,156.15953479311986
888,1,3,2,1,0,222.8988288144251
889,0,2,7,2,0,156.15953479311986
890,5,2,6,2,0,200.19851193256022
891,4,4,6,1,0,233.04048883648673
892,15,1,5,1,0,187.2326310891366
893,12,0,5,3,0,212.00749960243928
894,1,4,4,1,0,187.2326310891366
895,8,2,4,1,0,249.33775301859075
896,6,1,3,0,1,141.71828898488442
897,16,5,4,0,0,103.06289000048194
898,9,2,2,3,1,43.10818354904701
899,12,1,2,0,0,156.15953479311986
900,4,2,3,0,0,187.2326310891366
901,10,5,4,0,0,187.2326310891366
902,5,2,7,3,0,156.15953479311986
903,5,2,2,0,0,141.71828898488442
904,5,0,5,2,0,222.8988288144251
905,3,6,4,0,1,200.19851193256022
906,1,1,5,1,0,130.7087424308525
907,0,1,9,3,0,61.283233089426346
908,4,4,4,0,0,212.00749960243928
909,10,5,3,0,0,249.33775301859075
910,1,4,3,2,0,200.19851193256022
911,5,6,4,0,1,172.7492065931607
912,1,1,2,2,0,200.19851193256022
913,6,5,3,1,0,200.19851193256022
914,2,1,3,0,0,130.7087424308525
915,8,1,3,0,0,156.15953479311986
916,8,0,3,3,0,156.15953479311986
917,1,5,4,0,0,212.00749960243928
918,5,0,3,2,0,130.7087424308525
919,11,0,4,1,0,187.2326310891366
920,1,3,9,0,0,249.33775301859075
921,1,0,3,2,0,200.19851193256022
922,1,1,7,3,0,270.14982462478054
923,0,1,1,2,1,27.02080847004485
924,2,1,1,0,0,187.2326310891366
925,13,2,7,1,1,172.7492065931607
926,5,2,5,3,0,53.32961628929493
927,8,0,3,1,0,118.09813614437608
928,1,0,2,0,0,89.16583905874286
929,0,0,2,1,0,27.02080847004485
930,2,2,2,0,0,156.15953479311986
931,0,2,2,0,0,141.71828898488442
932,4,0,5,2,0,187.2326310891366
933,14,4,5,2,0,212.00749960243928
934,8,1,2,0,0,130.7087424308525
935,0,0,0,0,0,27.02080847004485
936,3,0,0,1,0,77.73682636782002
937,2,0,6,2,0,27.02080847004485
938,4,4,7,1,0,172.7492065931607
939,4,4,5,0,1,141.71828898488442
940,2,0,7,1,0,172.7492065931607
941,5,0,9,0,0,222.8988288144251
942,8,2,1,1,0,187.2326310891366
943,1,0,3,1,0,118.09813614437608
944,1,7,9,0,0,222.8988288144251
945,18,5,8,2,0,156.15953479311986
946,7,0,8,0,0,156.15953479311986
947,1,5,5,1,0,233.04048883648673
948,6,5,9,0,0,172.7492065931607
949,8,4,2,0,0,212.00749960243928
950,1,0,6,1,1,118.09813614437608
951,7,3,8,3,0,212.00749960243928
952,14,0,7,2,1,249.33775301859075
953,10,0,6,0,0,103.06289000048194
954,1,2,6,0,0,172.7492065931607
955,1,5,3,0,0,249.33775301859075
956,8,1,0,0,0,27.02080847004485
957,6,0,4,2,0,43.10818354904701
958,1,5,2,1,1,270.14982462478054
959,4,2,6,1,1,212.00749960243928
960,4,7,7,0,0,270.14982462478054
961,1,1,3,0,0,200.19851193256022
962,1,0,1,0,0,156.15953479311986
963,4,0,5,0,1,27.02080847004485
964,0,4,7,1,0,27.02080847004485
965,7,1,3,1,0,187.2326310891366
966,2,0,6,2,2,172.7492065931607
967,7,3,9,2,0,103.06289000048194
968,2,0,3,2,1,156.15953479311986
969,3,3,2,0,0,212.00749960243928
970,3,2,3,0,0,187.2326310891366
971,4,3,3,0,0,200.19851193256022
972,2,4,3,0,0,212.00749960243928
973,4,0,3,3,0,156.15953479311986
974,16,0,0,1,0,103.06289000048194
975,9,0,4,0,1,77.73682636782002
976,14,0,8,2,0,200.19851193256022
977,13,3,6,0,0,27.02080847004485
978,4,6,7,0,1,187.2326310891366
979,7,0,2,2,1,187.2326310891366
980,0,0,1,1,0,43.10818354904701
981,4,2,2,0,0,118.09813614437608
982,10,2,5,0,1,27.02080847004485
983,2,5,3,0,0,212.00749960243928
984,10,2,2,3,1,43.10818354904701
985,1,1,4,2,1,141.71828898488442
986,0,1,3,1,0,141.71828898488442
987,3,1,3,0,0,172.7492065931607
988,2,6,7,1,0,156.15953479311986
989,0,2,3,0,0,130.7087424308525
990,3,1,4,1,1,249.33775301859075
991,18,1,8,1,0,156.15953479311986
992,11,1,3,2,0,212.00749960243928
993,9,2,4,0,0,118.09813614437608
994,13,3,2,0,0,270.14982462478054
995,0,4,2,1,0,61.283233089426346
996,2,1,3,3,0,156.15953479311986
997,0,0,4,0,0,141.71828898488442
998,4,2,2,0,0,67.95421998648453
999,12,1,0,1,1,27.02080847004485
1000,1,0,2,2,0,172.7492065931607
1001,5,7,9,0,0,233.04048883648673
1002,9,5,5,0,0,172.7492065931607
1003,4,2,2,0,1,187.2326310891366
1004,0,3,3,1,0,141.71828898488442
1005,1,4,2,0,0,172.7492065931607
1006,4,1,7,3,0,233.04048883648673
1007,7,2,2,2,0,200.19851193256022
1008,19,0,0,1,0,77.73682636782002
1009,5,0,4,1,0,233.04048883648673
1010,7,0,4,1,1,27.02080847004485
1011,3,4,6,1,0,249.33775301859075
1012,19,3,5,2,0,103.06289000048194
1013,0,4,6,2,0,43.10818354904701
1014,0,1,5,0,0,103.06289000048194
1015,1,0,4,0,1,200.19851193256022
1016,1,1,2,0,1,141.71828898488442
1017,4,5,6,2,0,172.7492065931607
1018,1,1,2,0,0,172.7492065931607
1019,0,1,2,1,0,53.32961628929493
1020,0,6,3,0,0,156.15953479311986
1021,1,2,8,2,1,156.15953479311986
1022,6,0,1,1,1,43.10818354904701
1023,13,0,4,2,0,270.14982462478054
1024,1,1,5,2,0,53.32961628929493
1025,16,0,5,2,0,156.15953479311986
1026,0,1,7,0,0,89.16583905874286
1027,7,6,4,0,1,77.73682636782002
1028,2,1,4,1,0,200.19851193256022
1029,0,0,3,2,0,187.2326310891366
1030,6,0,1,1,0,27.02080847004485
1031,0,1,3,2,0,43.10818354904701
1032,8,0,0,0,0,27.02080847004485
1033,2,5,9,0,0,187.2326310891366
1034,5,1,0,0,0,89.16583905874286
1035,5,1,3,3,0,27.02080847004485
1036,4,3,2,0,0,187.2326310891366
1037,8,1,3,1,1,61.283233089426346
1038,3,1,3,1,0,27.02080847004485
1039,1,3,6,0,0,130.7087424308525
1040,3,0,4,3,0,200.19851193256022
1041,8,1,0,1,0,27.02080847004485
1042,1,0,2,2,1,187.2326310891366
1043,12,1,5,2,0,187.2326310891366
1044,3,0,2,1,0,27.02080847004485
1045,15,2,1,0,1,156.15953479311986
1046,2,4,4,0,0,187.2326310891366
1047,5,1,1,1,0,43.10818354904701
1048,4,5,5,3,0,270.14982462478054
1049,0,0,3,1,0,43.10818354904701
1050,2,1,7,0,1,61.283233089426346
1051,1,2,2,1,0,200.19851193256022
1052,0,0,3,3,0,118.09813614437608
1053,13,0,4,2,1,77.73682636782002
1054,5,0,6,1,0,141.71828898488442
1055,3,0,9,3,0,270.14982462478054
1056,5,1,1,2,0,27.02080847004485
1057,6,5,4,0,0,172.7492065931607
1058,4,6,4,0,1,200.19851193256022
1059,1,0,0,3,0,27.02080847004485
1060,2,6,5,3,0,27.02080847004485
1061,10,1,1,0,0,27.02080847004485
1062,6,0,8,1,0,187.2326310891366
1063,9,4,2,0,0,187.2326310891366
1064,9,0,1,2,0,103.06289000048194
1065,1,1,4,0,0,172.7492065931607
1066,10,0,2,2,0,130.7087424308525
1067,10,0,5,2,0,118.09813614437608
1068,12,0,8,3,0,27.02080847004485
1069,0,1,1,1,0,89.16583905874286
1070,3,5,3,0,0,187.2326310891366
1071,11,0,5,2,0,222.8988288144251
1072,13,2,8,3,0,233.04048883648673
1073,2,2,6,2,0,172.7492065931607
1074,0,0,2,2,0,141.71828898488442
1075,4,1,2,0,0,43.10818354904701
1076,2,3,6,2,0,187.2326310891366
1077,4,2,0,1,0,103.06289000048194
1078,12,4,7,2,0,249.33775301859075
1079,0,0,2,1,0,27.02080847004485
1080,5,4,2,0,0,156.15953479311986
1081,1,0,4,3,0,187.2326310891366
1082,6,2,1,1,0,141.71828898488442
1083,3,0,2,0,0,172.7492065931607
1084,2,5,6,0,0,187.2326310891366
1085,0,0,4,0,0,118.09813614437608
1086,11,5,3,1,0,249.33775301859075
1087,2,0,6,2,0,141.71828898488442
1088,2,2,6,1,0,200.19851193256022
1089,1,6,7,0,0,222.8988288144251
1090,6,2,0,0,0,103.06289000048194
1091,3,0,3,2,0,233.04048883648673
1092,0,2,7,0,0,118.09813614437608
1093,5,1,7,3,0,156.15953479311986
1094,0,5,2,0,0,103.06289000048194
1095,0,1,6,1,0,156.15953479311986
1096,11,2,4,1,0,249.33775301859075
1097,16,5,3,1,2,249.33775301859075
1098,0,5,2,1,0,222.8988288144251
1099,3,0,5,0,0,222.8988288144251
1100,0,0,4,2,0,187.2326310891366
1101,15,3,4,0,1,200.19851193256022
1102,4,0,3,1,0,141.71828898488442
1103,0,0,2,0,0,27.02080847004485
1104,8,0,5,2,0,118.09813614437608
1105,3,0,4,2,0,233.04048883648673
1106,3,2,2,1,0,200.19851193256022
1107,4,0,3,3,1,27.02080847004485
1108,4,1,8,3,0,156.15953479311986
1109,2,7,5,3,1,249.33775301859075
1110,0,2,3,0,0,130.7087424308525
1111,7,4,3,0,2,212.00749960243928
1112,17,4,8,0,0,187.2326310891366
1113,17,0,4,0,0,222.8988288144251
1114,3,3,3,1,0,53.32961628929493
1115,12,2,9,2,0,172.7492065931607
1116,0,0,3,2,1,89.16583905874286
1117,4,1,4,1,0,233.04048883648673
1118,4,2,2,1,0,222.8988288144251
1119,2,5,4,1,0,249.33775301859075
1120,1,5,5,0,0,156.15953479311986
1121,0,5,3,2,1,233.04048883648673
1122,1,0,3,2,0,187.2326310891366
1123,6,0,5,0,0,156.15953479311986
1124,4,0,6,2,1,187.2326310891366
1125,15,6,5,1,0,27.02080847004485
1126,16,5,4,1,0,130.7087424308525
1127,1,2,4,0,0,212.00749960243928
1128,12,2,6,2,1,233.04048883648673
1129,2,6,7,0,0,53.32961628929493
1130,7,4,3,0,0,222.8988288144251
1131,8,3,3,0,0,200.19851193256022
1132,5,2,4,2,0,172.7492065931607
1133,14,1,2,0,0,141.71828898488442
1134,6,4,4,0,0,172.7492065931607
1135,1,0,4,2,0,233.04048883648673
1136,0,0,2,3,0,118.09813614437608
1137,0,1,1,2,1,27.02080847004485
1138,3,3,2,0,1,212.00749960243928
1139,10,2,5,1,0,156.15953479311986
1140,5,2,4,0,0,156.15953479311986
1141,6,0,3,3,0,130.7087424308525
1142,0,3,3,1,0,156.15953479311986
1143,13,5,5,0,0,249.33775301859075
1144,3,5,5,0,0,249.33775301859075
1145,2,0,6,2,0,212.00749960243928
1146,3,2,5,1,0,270.14982462478054
1147,9,5,5,0,0,222.8988288144251
1148,0,1,2,0,0,53.32961628929493
1149,1,5,4,0,0,212.00749960243928
1150,0,1,2,3,0,103.06289000048194
1151,4,0,3,3,0,156.15953479311986
1152,8,2,5,2,0,156.15953479311986
1153,5,5,3,0,0,130.7087424308525
1154,3,0,4,2,0,233.04048883648673
1155,2,1,1,0,0,141.71828898488442
1156,15,6,4,0,0,118.09813614437608
1157,0,0,2,2,0,43.10818354904701
1158,4,4,6,0,0,249.33775301859075
1159,2,1,2,0,0,130.7087424308525
1160,10,1,3,2,0,130.7087424308525
1161,2,1,7,2,0,130.7087424308525
1162,3,2,4,0,1,53.32961628929493
1163,8,1,1,1,0,53.32961628929493
1164,1,1,4,0,0,187.2326310891366
1165,17,5,4,0,0,27.02080847004485
1166,7,0,6,1,0,249.33775301859075
1167,5,5,3,0,0,130.7087424308525
1168,5,4,3,0,0,141.71828898488442
1169,9,4,4,0,0,172.7492065931607
1170,7,0,6,2,0,61.283233089426346
1171,3,4,6,3,0,249.33775301859075
1172,4,2,2,0,0,172.7492065931607
1173,5,4,3,0,0,200.19851193256022
1174,3,2,7,0,0,270.14982462478054
1175,0,1,5,1,0,53.32961628929493
1176,0,1,3,2,0,61.283233089426346
1177,0,1,6,0,0,61.283233089426346
1178,1,1,4,2,0,187.2326310891366
1179,4,0,4,0,0,43.10818354904701
1180,5,6,5,1,0,141.71828898488442
1181,14,3,9,3,0,172.7492065931607
1182,8,0,3,2,0,156.15953479311986
1183,0,0,3,2,0,172.7492065931607
1184,5,0,2,0,0,141.71828898488442
1185,5,2,2,0,0,156.15953479311986
1186,0,1,2,3,0,156.15953479311986
1187,13,2,6,1,0,233.04048883648673
1188,16,3,2,1,2,187.2326310891366
1189,4,0,4,1,0,172.7492065931607
1190,0,1,6,1,0,53.32961628929493
1191,0,0,5,1,0,156.15953479311986
1192,6,0,6,2,0,43.10818354904701
1193,2,1,6,3,0,172.7492065931607
1194,2,1,8,2,2,212.00749960243928
1195,2,2,2,0,0,156.15953479311986
1196,3,0,4,0,0,187.2326310891366
1197,11,6,7,2,0,118.09813614437608
1198,1,0,0,0,0,156.15953479311986
1199,12,4,3,0,1,200.19851193256022
1200,0,1,3,0,0,53.32961628929493
1201,0,1,7,0,1,89.16583905874286
1202,10,3,2,0,0,187.2326310891366
1203,4,1,4,0,0,200.19851193256022
1204,0,0,2,0,1,27.02080847004485
1205,3,5,4,0,0,249.33775301859075
1206,5,3,9,3,0,233.04048883648673
1207,0,4,4,0,1,27.02080847004485
1208,7,4,6,0,0,187.2326310891366
1209,3,2,7,3,0,200.19851193256022
1210,3,1,3,1,1,118.09813614437608
1211,0,3,2,0,0,187.2326310891366
1212,0,1,4,1,0,103.06289000048194
1213,8,0,3,2,0,43.10818354904701
1214,15,2,5,0,0,141.71828898488442
1215,4,1,1,0,0,27.02080847004485
1216,9,0,3,0,0,130.7087424308525
1217,1,2,3,3,0,187.2326310891366
1218,5,2,7,0,0,156.15953479311986
1219,6,2,4,1,0,118.09813614437608
1220,4,4,2,1,0,212.00749960243928
1221,2,1,2,0,0,172.7492065931607
1222,2,2,5,1,0,187.2326310891366
1223,1,0,3,1,0,187.2326310891366
1224,4,5,7,0,0,172.7492065931607
1225,6,1,4,1,0,187.2326310891366
1226,3,4,8,1,1,187.2326310891366
1227,3,4,2,3,2,118.09813614437608
1228,0,2,6,1,0,27.02080847004485
1229,11,2,2,0,0,187.2326310891366
1230,15,1,4,1,1,27.02080847004485
1231,13,3,5,0,0,249.33775301859075
1232,14,0,8,3,0,130.7087424308525
1233,3,2,3,0,0,187.2326310891366
1234,3,1,4,2,0,77.73682636782002
1235,2,4,3,3,0,212.00749960243928
1236,2,3,3,2,0,187.2326310891366
1237,11,1,4,2,0,187.2326310891366
1238,11,0,7,2,0,222.8988288144251
1239,5,1,2,0,0,43.10818354904701
1240,5,4,2,0,0,141.71828898488442
1241,10,0,2,3,0,27.02080847004485
1242,6,1,1,1,0,141.71828898488442
1243,0,0,1,0,0,43.10818354904701
1244,0,0,0,1,0,27.02080847004485
1245,9,5,7,0,0,156.15953479311986
1246,5,1,2,1,0,141.71828898488442
1247,2,0,3,2,0,67.95421998648453
1248,14,4,8,3,0,67.95421998648453
1249,16,3,3,1,0,200.19851193256022
1250,0,0,2,0,0,61.283233089426346
1251,8,1,1,1,0,103.06289000048194
1252,12,1,6,3,0,222.8988288144251
1253,0,0,3,0,1,27.02080847004485
1254,1,5,3,0,0,249.33775301859075
1255,0,0,5,2,0,67.95421998648453
1256,3,4,3,0,0,233.04048883648673
1257,0,1,1,0,0,27.02080847004485
1258,3,0,3,0,1,156.15953479311986
1259,2,0,5,0,0,130.7087424308525
1260,2,5,8,1,0,212.00749960243928
1261,17,0,4,2,0,61.283233089426346
1262,3,2,4,1,0,222.8988288144251
1263,8,0,0,0,0,27.02080847004485
1264,11,4,2,0,0,222.8988288144251
1265,13,3,4,2,0,249.33775301859075
1266,1,0,7,2,1,187.2326310891366
1267,2,5,6,1,0,212.00749960243928
1268,0,0,1,1,0,27.02080847004485
1269,0,2,7,2,0,172.7492065931607
1270,2,6,4,1,0,233.04048883648673
1271,3,1,2,2,0,27.02080847004485
1272,7,4,4,1,0,249.33775301859075
1273,3,5,3,0,0,212.00749960243928
1274,4,5,2,1,0,172.7492065931607
1275,16,1,1,1,1,130.7087424308525
1276,0,0,2,2,0,103.06289000048194
1277,4,3,4,0,1,222.8988288144251
1278,7,0,5,3,0,172.7492065931607
1279,2,0,7,2,0,53.32961628929493
1280,1,7,4,0,0,222.8988288144251
1281,6,3,3,0,0,141.71828898488442
1282,3,0,3,0,1,187.2326310891366
1283,4,0,8,2,1,200.19851193256022
1284,5,5,5,0,0,187.2326310891366
1285,4,2,1,0,0,172.7492065931607
1286,5,2,2,1,0,43.10818354904701
1287,6,7,8,0,0,141.71828898488442
1288,3,3,3,3,1,187.2326310891366
1289,3,0,3,0,0,212.00749960243928
1290,9,1,8,2,0,156.15953479311986
1291,2,0,5,3,0,156.15953479311986
1292,4,1,4,1,0,130.7087424308525
1293,1,2,6,0,1,172.7492065931607
1294,5,2,4,2,0,156.15953479311986
1295,11,5,5,0,0,212.00749960243928
1296,1,1,6,2,0,270.14982462478054
1297,4,3,2,0,0,187.2326310891366
1298,2,0,7,2,0,172.7492065931607
1299,0,0,3,2,0,89.16583905874286
1300,0,4,5,2,0,200.19851193256022
1301,11,5,8,0,0,172.7492065931607
1302,1,0,6,1,0,233.04048883648673
1303,2,0,2,2,0,141.71828898488442
1304,1,1,2,1,0,187.2326310891366
1305,4,0,9,1,0,200.19851193256022
1306,2,4,8,0,0,61.283233089426346
1307,1,7,8,0,0,249.33775301859075
1308,18,0,1,2,0,43.10818354904701
1309,14,7,6,3,0,270.14982462478054
1310,2,2,6,3,0,27.02080847004485
1311,10,1,3,3,0,43.10818354904701
1312,1,2,4,2,0,222.8988288144251
1313,3,5,5,2,0,249.33775301859075
1314,4,5,8,1,0,77.73682636782002
1315,3,0,3,2,0,187.2326310891366
1316,0,0,3,2,1,43.10818354904701
1317,1,2,3,1,1,172.7492065931607
1318,8,2,2,0,0,27.02080847004485
1319,12,0,6,2,0,222.8988288144251
1320,6,5,3,0,0,187.2326310891366
1321,4,4,3,0,1,43.10818354904701
1322,8,0,4,2,0,172.7492065931607
1323,1,0,9,2,0,141.71828898488442
1324,6,2,8,2,0,103.06289000048194
1325,1,3,3,1,1,270.14982462478054
1326,2,0,8,1,0,156.15953479311986
1327,11,3,3,0,0,212.00749960243928
1328,5,0,4,1,0,141.71828898488442
1329,4,0,0,1,0,27.02080847004485
1330,3,5,5,0,0,249.33775301859075
1331,18,0,2,0,1,53.32961628929493
1332,0,1,0,0,0,27.02080847004485
1333,5,0,0,2,1,27.02080847004485
1334,4,1,2,0,2,156.15953479311986
1335,5,3,2,0,0,43.10818354904701
1336,19,4,6,2,0,156.15953479311986
1337,1,0,6,2,0,141.71828898488442
1338,10,2,3,2,0,27.02080847004485
1339,1,1,1,1,2,172.7492065931607
1340,6,4,3,0,0,141.71828898488442
1341,4,0,3,3,0,156.15953479311986
1342,4,6,5,0,0,200.19851193256022
1343,6,1,2,1,0,53.32961628929493
1344,3,1,4,0,0,233.04048883648673
1345,4,5,5,1,0,222.8988288144251
1346,11,3,9,0,0,27.02080847004485
1347,0,3,1,0,0,103.06289000048194
1348,10,0,8,2,0,249.33775301859075
1349,1,1,1,0,0,222.8988288144251
1350,3,0,8,3,0,270.14982462478054
1351,2,1,4,3,0,156.15953479311986
1352,3,2,2,1,0,172.7492065931607
1353,0,0,3,1,0,103.06289000048194
1354,0,0,3,1,0,187.2326310891366
1355,1,1,3,1,0,172.7492065931607
1356,4,5,5,2,1,249.33775301859075
1357,2,7,8,2,0,187.2326310891366
1358,0,0,5,0,0,187.2326310891366
1359,1,0,5,2,0,156.15953479311986
1360,11,4,7,3,0,249.33775301859075
1361,7,1,9,3,0,187.2326310891366
1362,3,4,2,3,0,222.8988288144251
1363,4,0,5,0,1,141.71828898488442
1364,10,2,3,0,1,103.06289000048194
1365,6,1,3,0,0,141.71828898488442
1366,0,5,6,2,0,249.33775301859075
1367,0,2,2,0,2,118.09813614437608
1368,0,2,5,0,0,249.33775301859075
1369,2,1,6,3,0,249.33775301859075
1370,5,5,4,0,0,222.8988288144251
1371,3,3,4,2,1,212.00749960243928
1372,3,7,9,0,0,27.02080847004485
1373,0,2,2,2,0,130.7087424308525
1374,4,1,2,2,1,43.10818354904701
1375,1,0,2,1,0,233.04048883648673
1376,0,0,2,3,0,89.16583905874286
1377,5,6,8,0,0,130.7087424308525
1378,1,0,2,0,1,222.8988288144251
1379,15,5,4,0,1,141.71828898488442
1380,1,0,2,1,0,156.15953479311986
1381,4,5,2,1,2,156.15953479311986
1382,7,0,4,2,0,200.19851193256022
1383,16,5,4,1,1,141.71828898488442
1384,14,2,2,0,0,156.15953479311986
1385,2,4,6,3,0,200.19851193256022
1386,3,1,2,1,0,187.2326310891366
1387,2,1,2,0,0,222.8988288144251
1388,1,1,2,2,0,187.2326310891366
1389,1,2,5,2,0,212.00749960243928
1390,16,3,4,2,2,187.2326310891366
1391,4,4,5,0,0,187.2326310891366
1392,0,0,4,2,0,130.7087424308525
1393,15,1,5,3,0,118.09813614437608
1394,1,2,6,1,0,172.7492065931607
1395,0,0,7,2,0,118.09813614437608
1396,3,6,6,0,0,270.14982462478054
1397,9,0,1,3,0,89.16583905874286
1398,0,0,5,2,0,118.09813614437608
1399,15,1,7,0,0,156.15953479311986
1400,15,0,6,2,0,118.09813614437608
1401,1,0,6,3,0,200.19851193256022
1402,3,6,5,3,0,200.19851193256022
1403,5,2,3,3,2,130.7087424308525
1404,8,0,3,0,0,67.95421998648453
1405,2,2,6,2,0,200.19851193256022
1406,0,0,3,0,0,118.09813614437608
1407,0,0,0,1,0,53.32961628929493
1408,1,0,6,0,1,156.15953479311986
1409,8,1,1,1,0,43.10818354904701
1410,13,6,5,2,0,270.14982462478054
1411,2,0,4,2,0,222.8988288144251
1412,12,3,9,2,0,187.2326310891366
1413,4,0,4,2,0,43.10818354904701
1414,7,3,2,0,0,172.7492065931607
1415,3,5,5,1,0,233.04048883648673
1416,4,1,2,1,0,172.7492065931607
1417,1,2,6,3,1,249.33775301859075
1418,1,2,9,1,0,233.04048883648673
1419,4,1,2,0,0,172.7492065931607
1420,2,7,7,0,0,200.19851193256022
1421,0,0,4,1,0,130.7087424308525
1422,7,1,7,2,0,249.33775301859075
1423,5,0,3,1,0,156.15953479311986
1424,0,1,4,1,0,77.73682636782002
1425,0,0,3,3,0,103.06289000048194
1426,5,0,6,2,0,187.2326310891366
1427,1,5,5,1,0,270.14982462478054
1428,2,1,8,1,0,187.2326310891366
1429,1,1,2,0,0,200.19851193256022
1430,14,1,2,1,0,27.02080847004485
1431,2,0,3,2,0,172.7492065931607
1432,10,1,2,0,1,89.16583905874286
1433,5,5,4,0,0,130.7087424308525
1434,2,1,4,1,0,156.15953479311986
1435,2,5,8,0,0,249.33775301859075
1436,3,1,4,2,1,200.19851193256022
1437,19,1,4,1,0,187.2326310891366
1438,7,5,8,0,0,27.02080847004485
1439,9,2,3,0,0,187.2326310891366
1440,0,2,2,2,0,118.09813614437608
1441,5,4,3,0,0,118.09813614437608
1442,5,4,6,0,0,222.8988288144251
1443,4,0,4,0,0,118.09813614437608
1444,0,0,4,2,0,130.7087424308525
1445,1,0,5,2,0,200.19851193256022
1446,5,3,7,3,0,187.2326310891366
1447,10,3,6,1,0,233.04048883648673
1448,5,6,4,3,0,249.33775301859075
1449,4,1,1,0,0,187.2326310891366
1450,4,5,9,0,0,187.2326310891366
1451,3,5,6,1,0,270.14982462478054
1452,2,2,1,0,0,43.10818354904701
1453,5,3,2,0,0,130.7087424308525
1454,18,6,5,3,0,212.00749960243928
1455,0,0,9,1,0,118.09813614437608
1456,3,3,3,0,1,200.19851193256022
1457,3,3,3,2,0,222.8988288144251
1458,12,3,4,0,0,200.19851193256022
1459,0,2,3,0,0,67.95421998648453
1460,2,2,2,1,0,222.8988288144251
1461,12,0,4,1,0,212.00749960243928
1462,2,6,4,0,0,212.00749960243928
1463,2,4,4,2,1,187.2326310891366
1464,7,3,8,1,0,222.8988288144251
1465,4,0,7,2,0,43.10818354904701
1466,0,0,2,0,0,27.02080847004485
1467,1,2,2,2,0,172.7492065931607
1468,14,3,2,0,0,187.2326310891366
1469,3,1,5,2,1,53.32961628929493
1470,5,4,7,2,0,172.7492065931607
1471,0,0,1,0,0,43.10818354904701
1472,3,6,9,2,0,270.14982462478054
1473,6,6,5,0,0,156.15953479311986
1474,1,0,3,2,0,156.15953479311986
1475,4,0,4,0,0,172.7492065931607
1476,15,0,4,2,0,141.71828898488442
1477,4,1,2,0,0,53.32961628929493
1478,14,3,6,2,0,249.33775301859075
1479,0,1,8,0,0,118.09813614437608
1480,2,0,6,2,0,172.7492065931607
1481,1,4,2,0,1,249.33775301859075
1482,0,0,3,2,0,43.10818354904701
1483,2,1,2,0,0,27.02080847004485
1484,16,1,7,1,0,27.02080847004485
1485,16,0,7,2,0,141.71828898488442
1486,4,4,8,0,0,27.02080847004485
1487,1,0,5,2,2,172.7492065931607
1488,10,0,2,3,0,130.7087424308525
1489,2,1,7,2,0,222.8988288144251
1490,0,0,6,0,0,27.02080847004485
1491,6,1,1,1,0,27.02080847004485
1492,5,6,5,0,0,172.7492065931607
1493,1,5,4,0,1,233.04048883648673
1494,1,6,8,0,0,212.00749960243928
1495,7,6,4,0,0,249.33775301859075
1496,1,4,3,3,0,118.09813614437608
1497,7,4,2,2,0,172.7492065931607
1498,7,6,5,0,0,249.33775301859075
1499,14,2,9,3,0,118.09813614437608
1500,2,1,9,0,0,200.19851193256022
1501,0,3,2,0,0,156.15953479311986
1502,1,7,6,0,0,249.33775301859075
1503,1,0,7,1,0,27.02080847004485
1504,1,0,2,0,0,187.2326310891366
1505,2,3,6,2,1,156.15953479311986
1506,0,0,1,2,0,27.02080847004485
1507,1,3,2,0,0,270.14982462478054
1508,2,4,6,0,0,187.2326310891366
1509,1,0,3,2,0,200.19851193256022
1510,5,6,4,0,0,187.2326310891366
1511,8,2,3,0,0,141.71828898488442
1512,1,3,4,2,1,43.10818354904701
1513,19,1,1,0,0,118.09813614437608
1514,12,3,4,0,0,212.00749960243928
1515,0,1,3,2,0,118.09813614437608
1516,0,1,4,1,0,27.02080847004485
1517,18,2,1,1,0,27.02080847004485
1518,1,2,2,0,0,222.8988288144251
1519,0,1,4,3,0,118.09813614437608
1520,8,4,4,0,0,156.15953479311986
1521,1,5,2,0,0,200.19851193256022
1522,5,1,6,2,0,200.19851193256022
1523,0,0,2,2,0,77.73682636782002
1524,1,2,5,0,1,222.8988288144251
1525,5,7,6,0,0,187.2326310891366
1526,5,5,3,0,0,222.8988288144251
1527,16,1,2,0,2,77.73682636782002
1528,3,2,4,3,0,222.8988288144251
1529,4,0,7,0,0,249.33775301859075
1530,2,5,4,0,0,172.7492065931607
1531,2,0,3,1,0,27.02080847004485
1532,7,5,5,3,0,249.33775301859075
1533,4,2,6,3,0,212.00749960243928
1534,0,3,8,2,0,130.7087424308525
1535,3,4,4,0,0,222.8988288144251
1536,1,0,3,0,0,212.00749960243928
1537,4,1,2,0,0,130.7087424308525
1538,0,2,0,1,0,77.73682636782002
1539,7,0,4,0,0,53.32961628929493
1540,1,2,1,1,0,200.19851193256022
1541,3,0,5,3,0,233.04048883648673
1542,0,2,5,0,0,53.32961628929493
1543,14,0,3,1,0,118.09813614437608
1544,1,1,2,0,1,43.10818354904701
1545,0,0,2,0,0,43.10818354904701
1546,13,5,4,0,1,233.04048883648673
1547,8,2,3,0,0,27.02080847004485
1548,5,3,4,2,0,187.2326310891366
1549,2,0,3,0,0,156.15953479311986
1550,4,1,1,2,1,172.7492065931607
1551,15,0,1,1,0,27.02080847004485
1552,2,2,7,3,0,200.19851193256022
1553,3,4,3,0,0,172.7492065931607
1554,1,4,3,0,0,212.00749960243928
1555,6,2,3,0,0,156.15953479311986
1556,2,2,2,0,0,187.2326310891366
1557,19,1,3,1,0,172.7492065931607
1558,6,0,2,1,1,141.71828898488442
1559,16,3,1,1,1,103.06289000048194
1560,4,0,4,0,1,27.02080847004485
1561,4,0,7,2,0,53.32961628929493
1562,6,0,3,2,0,130.7087424308525
1563,2,5,4,1,0,118.09813614437608
1564,6,4,3,2,0,156.15953479311986
1565,2,0,3,3,0,172.7492065931607
1566,3,5,5,3,0,270.14982462478054
1567,0,0,2,1,0,130.7087424308525
1568,0,2,6,1,0,53.32961628929493
1569,4,1,1,0,0,172.7492065931607
1570,2,0,4,1,0,172.7492065931607
1571,19,7,6,0,0,43.10818354904701
1572,9,2,2,1,0,172.7492065931607
1573,11,0,4,2,0,249.33775301859075
1574,1,4,4,0,0,130.7087424308525
1575,12,1,0,1,0,27.02080847004485
1576,1,0,5,1,0,89.16583905874286
1577,1,4,6,1,0,270.14982462478054
1578,2,0,7,3,0,187.2326310891366
1579,6,0,2,0,0,43.10818354904701
1580,4,2,4,0,0,200.19851193256022
1581,2,0,3,2,0,172.7492065931607
1582,4,0,1,2,0,103.06289000048194
1583,4,5,3,0,0,156.15953479311986
1584,5,5,6,2,0,249.33775301859075
1585,17,0,4,1,0,67.95421998648453
1586,2,1,1,1,0,43.10818354904701
1587,11,2,4,2,0,187.2326310891366
1588,13,6,8,0,0,43.10818354904701
1589,4,1,2,2,0,67.95421998648453
1590,13,1,2,0,0,212.00749960243928
1591,4,0,2,2,0,27.02080847004485
1592,1,2,6,3,0,130.7087424308525
1593,2,5,3,1,0,249.33775301859075
1594,1,3,2,1,0,222.8988288144251
1595,10,1,6,2,0,103.06289000048194
1596,2,5,5,1,0,212.00749960243928
1597,5,0,2,3,0,130.7087424308525
1598,0,3,4,1,0,118.09813614437608
1599,4,1,2,0,1,187.2326310891366
1600,6,2,3,1,0,187.2326310891366
1601,1,7,9,2,0,233.04048883648673
1602,5,5,3,0,0,156.15953479311986
1603,1,1,7,0,0,156.15953479311986
1604,14,6,5,3,0,233.04048883648673
1605,5,6,5,1,1,187.2326310891366
1606,0,5,3,0,0,212.00749960243928
1607,2,5,2,1,0,172.7492065931607
1608,8,0,2,0,0,27.02080847004485
1609,3,1,4,2,0,103.06289000048194
1610,0,1,1,0,0,61.283233089426346
1611,2,5,4,0,0,212.00749960243928
1612,0,1,0,0,0,27.02080847004485
1613,0,0,1,1,0,103.06289000048194
1614,10,1,2,0,0,118.09813614437608
1615,3,0,2,2,1,43.10818354904701
1616,8,0,1,3,1,27.02080847004485
1617,1,2,8,1,1,172.7492065931607
1618,5,5,7,0,1,172.7492065931607
1619,1,1,1,2,1,156.15953479311986
1620,1,3,5,0,0,200.19851193256022
1621,7,5,8,0,0,222.8988288144251
1622,0,0,0,2,0,103.06289000048194
1623,1,2,2,1,1,172.7492065931607
1624,7,2,6,0,1,172.7492065931607
1625,2,5,5,3,0,270.14982462478054
1626,2,6,6,2,1,141.71828898488442
1627,1,0,2,0,0,141.71828898488442
1628,17,0,2,2,1,270.14982462478054
1629,1,1,9,2,0,233.04048883648673
1630,3,1,3,3,0,27.02080847004485
1631,3,1,9,3,0,27.02080847004485
1632,1,6,7,0,0,187.2326310891366
1633,3,3,2,0,0,172.7492065931607
1634,8,0,8,0,0,67.95421998648453
1635,3,4,3,1,0,77.73682636782002
1636,0,1,4,0,0,130.7087424308525
1637,9,1,6,2,1,172.7492065931607
1638,15,2,2,0,0,43.10818354904701
1639,5,5,2,0,1,156.15953479311986
1640,2,1,1,0,0,156.15953479311986
1641,1,5,3,0,0,233.04048883648673
1642,0,4,4,0,1,103.06289000048194
1643,3,2,3,1,0,200.19851193256022
1644,8,1,5,3,0,103.06289000048194
1645,8,2,4,1,0,172.7492065931607
1646,0,0,5,1,1,130.7087424308525
1647,2,0,3,0,1,156.15953479311986
1648,1,5,4,0,0,200.19851193256022
1649,3,0,4,1,0,222.8988288144251
1650,17,0,3,0,0,141.71828898488442
1651,2,1,1,0,0,141.71828898488442
1652,3,2,3,0,0,212.00749960243928
1653,0,0,2,1,1,141.71828898488442
1654,9,0,4,2,1,172.7492065931607
1655,2,4,2,0,0,156.15953479311986
1656,0,0,0,1,0,27.02080847004485
1657,0,0,4,2,2,89.16583905874286
1658,18,1,4,0,1,200.19851193256022
1659,5,0,8,2,0,172.7492065931607
1660,14,2,4,0,0,53.32961628929493
1661,5,1,2,1,1,156.15953479311986
1662,4,1,2,0,0,172.7492065931607
1663,7,0,3,2,1,156.15953479311986
1664,4,0,2,1,0,156.15953479311986
1665,0,4,4,3,0,200.19851193256022
1666,7,5,5,0,0,249.33775301859075
1667,3,1,8,3,0,249.33775301859075
1668,8,2,7,1,0,212.00749960243928
1669,3,0,2,2,0,130.7087424308525
1670,6,5,4,1,0,187.2326310891366
1671,3,0,8,1,1,187.2326310891366
1672,3,1,5,1,0,249.33775301859075
1673,10,3,2,1,0,118.09813614437608
1674,3,0,6,2,0,249.33775301859075
1675,2,0,6,1,0,172.7492065931607
1676,3,2,3,0,0,200.19851193256022
1677,6,0,4,2,0,200.19851193256022
1678,4,0,3,2,0,27.02080847004485
1679,0,6,6,2,0,141.71828898488442
1680,1,1,2,0,0,233.04048883648673
1681,1,2,3,0,0,200.19851193256022
1682,14,0,5,3,0,249.33775301859075
1683,0,1,1,2,1,89.16583905874286
1684,0,1,3,0,1,67.95421998648453
1685,8,5,2,0,0,67.95421998648453
1686,2,2,1,0,0,118.09813614437608
1687,0,3,4,0,0,89.16583905874286
1688,12,4,2,0,0,200.19851193256022
1689,3,2,3,0,0,233.04048883648673
1690,17,1,9,3,0,270.14982462478054
1691,0,3,6,2,0,270.14982462478054
1692,2,0,2,3,0,118.09813614437608
1693,9,0,3,0,0,118.09813614437608
1694,18,1,5,0,0,141.71828898488442
1695,5,2,2,1,0,43.10818354904701
1696,1,4,4,0,0,249.33775301859075
1697,8,3,5,1,0,43.10818354904701
1698,4,4,3,0,0,200.19851193256022
1699,0,2,3,0,0,172.7492065931607
1700,2,1,7,0,1,53.32961628929493
1701,0,0,4,1,1,53.32961628929493
1702,5,0,5,0,0,118.09813614437608
1703,6,0,1,0,1,43.10818354904701
1704,7,2,2,2,0,249.33775301859075
1705,1,0,6,2,0,77.73682636782002
1706,0,0,4,2,0,27.02080847004485
1707,11,0,8,2,0,200.19851193256022
1708,2,4,2,0,1,141.71828898488442
1709,15,5,7,1,0,27.02080847004485
1710,19,0,2,0,0,77.73682636782002
1711,3,7,6,0,1,200.19851193256022
1712,4,5,6,0,0,233.04048883648673
1713,0,0,2,1,0,141.71828898488442
1714,3,1,2,0,1,200.19851193256022
1715,3,2,3,1,0,222.8988288144251
1716,9,0,3,2,0,118.09813614437608
1717,4,0,7,3,0,249.33775301859075
1718,10,0,2,2,0,118.09813614437608
1719,2,4,3,0,0,187.2326310891366
1720,17,0,7,0,0,222.8988288144251
1721,0,0,0,0,0,27.02080847004485
1722,4,2,2,0,0,172.7492065931607
1723,2,1,6,0,0,233.04048883648673
1724,4,4,3,0,0,212.00749960243928
1725,16,7,6,0,0,187.2326310891366
1726,1,4,2,0,0,212.00749960243928
1727,5,1,1,2,0,130.7087424308525
1728,8,0,6,1,0,103.06289000048194
1729,5,2,3,0,0,27.02080847004485
1730,3,6,6,1,0,249.33775301859075
1731,6,2,1,0,0,141.71828898488442
1732,0,4,3,0,0,200.19851193256022
1733,0,0,2,1,0,89.16583905874286
1734,1,0,7,3,0,130.7087424308525
1735,5,3,3,3,0,103.06289000048194
1736,3,3,3,0,0,222.8988288144251
1737,0,3,8,3,0,130.7087424308525
1738,0,1,5,0,0,53.32961628929493
1739,16,1,3,0,0,130.7087424308525
1740,10,0,5,2,0,103.06289000048194
1741,17,3,2,0,0,89.16583905874286
1742,4,1,5,1,0,27.02080847004485
1743,10,1,7,2,0,43.10818354904701
1744,2,0,7,1,0,141.71828898488442
1745,9,1,5,0,1,118.09813614437608
1746,13,0,3,3,2,130.7087424308525
1747,3,0,4,1,0,187.2326310891366
1748,5,4,7,1,0,187.2326310891366
1749,15,1,1,0,0,118.09813614437608
1750,0,3,4,2,0,53.32961628929493
1751,0,0,0,2,0,67.95421998648453
1752,2,1,6,0,0,130.7087424308525
1753,0,0,5,2,0,89.16583905874286
1754,3,2,3,0,0,130.7087424308525
1755,10,2,3,0,0,118.09813614437608
1756,17,1,3,0,0,200.19851193256022
1757,13,3,2,3,0,187.2326310891366
1758,4,3,7,1,0,156.15953479311986
1759,3,0,6,3,0,270.14982462478054
1760,14,1,3,0,0,172.7492065931607
1761,6,1,6,0,0,77.73682636782002
1762,6,1,6,0,0,103.06289000048194
1763,5,6,6,0,0,53.32961628929493
1764,4,6,4,0,0,200.19851193256022
1765,1,4,3,0,0,233.04048883648673
1766,1,6,7,0,0,233.04048883648673
1767,9,1,2,0,0,43.10818354904701
1768,10,2,5,0,0,200.19851193256022
1769,0,0,3,0,1,27.02080847004485
1770,2,0,6,1,1,43.10818354904701
1771,19,2,0,1,0,103.06289000048194
1772,10,2,2,0,0,118.09813614437608
1773,5,0,9,2,0,27.02080847004485
1774,2,0,0,0,1,43.10818354904701
1775,3,2,2,2,0,187.2326310891366
1776,7,1,5,1,0,200.19851193256022
1777,6,3,2,0,0,187.2326310891366
1778,1,0,3,2,0,156.15953479311986
1779,5,3,6,1,0,27.02080847004485
1780,4,0,2,3,0,27.02080847004485
1781,0,2,3,3,0,89.16583905874286
1782,9,0,5,1,0,118.09813614437608
1783,3,5,3,2,0,200.19851193256022
1784,0,0,5,2,0,156.15953479311986
1785,5,3,2,0,0,130.7087424308525
1786,5,3,2,0,0,141.71828898488442
1787,0,0,9,1,0,43.10818354904701
1788,0,0,2,0,0,103.06289000048194
1789,9,0,4,2,1,141.71828898488442
1790,1,0,4,2,0,156.15953479311986
1791,1,0,2,0,0,172.7492065931607
1792,9,0,2,0,0,130.7087424308525
1793,7,5,3,1,0,249.33775301859075
1794,19,1,3,0,0,118.09813614437608
1795,0,4,2,0,0,141.71828898488442
1796,0,1,1,1,0,89.16583905874286
1797,6,3,5,0,0,156.15953479311986
1798,1,0,5,2,0,156.15953479311986
1799,4,2,2,0,0,172.7492065931607
1800,0,0,4,0,1,27.02080847004485
1801,0,1,3,2,0,118.09813614437608
1802,16,4,2,0,0,61.283233089426346
1803,2,0,6,2,1,27.02080847004485
1804,0,0,7,2,0,187.2326310891366
1805,10,2,4,0,0,103.06289000048194
1806,1,5,4,3,1,249.33775301859075
1807,17,4,2,2,0,200.19851193256022
1808,5,2,4,2,0,156.15953479311986
1809,0,1,2,0,0,141.71828898488442
1810,8,0,1,0,0,67.95421998648453
1811,5,1,6,2,0,156.15953479311986
1812,12,4,9,3,0,212.00749960243928
1813,0,5,2,1,1,103.06289000048194
1814,1,3,7,1,0,212.00749960243928
1815,10,1,5,3,0,249.33775301859075
1816,2,5,4,0,0,270.14982462478054
1817,5,1,2,2,2,77.73682636782002
1818,11,0,3,3,0,156.15953479311986
1819,6,5,2,1,0,172.7492065931607
1820,0,0,1,3,0,103.06289000048194
1821,6,2,2,0,0,172.7492065931607
1822,3,5,3,0,0,249.33775301859075
1823,1,2,4,3,0,212.00749960243928
1824,0,2,8,0,0,103.06289000048194
1825,5,0,4,0,1,200.19851193256022
1826,5,0,2,2,0,130.7087424308525
1827,6,5,6,0,0,130.7087424308525
1828,16,5,9,0,1,27.02080847004485
1829,12,2,2,1,0,27.02080847004485
1830,12,5,5,0,0,187.2326310891366
1831,9,0,7,2,0,187.2326310891366
1832,6,4,2,2,0,77.73682636782002
1833,2,2,5,0,0,172.7492065931607
1834,7,2,5,0,1,200.19851193256022
1835,7,2,1,0,0,200.19851193256022
1836,1,0,2,0,0,172.7492065931607
1837,5,5,3,2,0,212.00749960243928
1838,9,2,6,2,0,141.71828898488442
1839,10,0,5,2,0,118.09813614437608
1840,5,4,9,1,0,200.19851193256022
1841,4,4,2,0,1,187.2326310891366
1842,1,1,6,3,1,141.71828898488442
1843,0,1,4,0,0,103.06289000048194
1844,1,1,2,0,0,222.8988288144251
1845,0,0,1,2,1,43.10818354904701
1846,2,0,2,1,0,141.71828898488442
1847,2,4,4,0,1,156.15953479311986
1848,16,1,1,0,0,172.7492065931607
1849,4,1,5,0,0,212.00749960243928
1850,6,2,5,0,0,249.33775301859075
1851,3,1,3,0,0,212.00749960243928
1852,0,0,4,1,0,27.02080847004485
1853,3,1,5,3,0,27.02080847004485
1854,0,5,5,0,0,200.19851193256022
1855,5,1,3,1,0,156.15953479311986
1856,17,5,3,0,0,249.33775301859075
1857,1,0,2,3,0,156.15953479311986
1858,1,4,5,1,0,249.33775301859075
1859,5,0,5,2,0,172.7492065931607
1860,1,2,5,1,0,249.33775301859075
1861,11,5,3,0,0,233.04048883648673
1862,11,2,3,1,0,172.7492065931607
1863,6,0,2,2,0,43.10818354904701
1864,2,5,7,0,0,53.32961628929493
1865,3,0,3,2,0,200.19851193256022
1866,0,1,5,2,0,141.71828898488442
1867,1,1,3,2,0,222.8988288144251
1868,9,3,2,0,0,233.04048883648673
1869,1,0,1,0,1,130.7087424308525
1870,15,4,5,1,0,212.00749960243928
1871,0,0,3,1,0,27.02080847004485
1872,16,4,6,0,1,130.7087424308525
1873,3,5,5,1,0,222.8988288144251
1874,0,1,2,2,0,156.15953479311986
1875,17,1,0,1,0,103.06289000048194
1876,18,2,6,1,0,200.19851193256022
1877,3,0,2,1,1,187.2326310891366
1878,0,3,3,1,0,67.95421998648453
1879,1,1,1,3,0,172.7492065931607
1880,2,0,6,1,0,156.15953479311986
1881,0,0,3,0,0,156.15953479311986
1882,6,4,7,0,0,141.71828898488442
1883,12,1,8,0,0,212.00749960243928
1884,2,0,4,2,1,172.7492065931607
1885,1,2,6,0,1,270.14982462478054
1886,5,0,6,2,0,141.71828898488442
1887,3,5,9,0,0,200.19851193256022
1888,10,5,3,0,0,156.15953479311986
1889,1,1,4,0,1,172.7492065931607
1890,4,1,7,3,0,249.33775301859075
1891,12,5,7,0,0,249.33775301859075
1892,3,5,4,0,0,249.33775301859075
1893,1,4,3,1,0,200.19851193256022
1894,6,0,2,0,1,53.32961628929493
1895,0,0,0,0,0,43.10818354904701
1896,19,2,1,2,1,141.71828898488442
1897,6,1,1,1,0,172.7492065931607
1898,4,2,1,0,0,43.10818354904701
1899,5,2,2,0,1,130.7087424308525
1900,7,0,4,1,0,27.02080847004485
1901,5,1,5,2,0,130.7087424308525
1902,1,5,7,0,0,270.14982462478054
1903,1,7,7,0,1,249.33775301859075
1904,4,5,3,0,0,187.2326310891366
1905,3,1,2,2,0,156.15953479311986
1906,2,3,6,2,0,156.15953479311986
1907,4,0,2,3,0,200.19851193256022
1908,0,5,3,0,0,156.15953479311986
1909,1,1,8,3,0,156.15953479311986
1910,2,2,7,0,0,156.15953479311986
1911,8,1,4,1,0,89.16583905874286
1912,13,0,2,0,0,61.283233089426346
1913,10,3,3,0,0,156.15953479311986
1914,5,2,4,1,0,187.2326310891366
1915,6,0,2,2,0,118.09813614437608
1916,0,0,4,3,0,103.06289000048194
1917,4,5,3,0,0,156.15953479311986
1918,19,0,3,3,1,27.02080847004485
1919,2,6,5,0,2,187.2326310891366
1920,4,2,3,0,0,200.19851193256022
1921,0,0,3,2,0,103.06289000048194
1922,0,0,2,0,0,103.06289000048194
1923,6,6,4,0,0,249.33775301859075
1924,9,2,4,2,1,141.71828898488442
1925,0,5,2,1,0,187.2326310891366
1926,8,1,4,0,0,103.06289000048194
1927,3,4,5,1,1,249.33775301859075
1928,5,1,6,3,0,27.02080847004485
1929,8,5,5,1,0,212.00749960243928
1930,7,1,3,0,0,200.19851193256022
1931,0,0,1,2,0,27.02080847004485
1932,1,0,4,0,2,27.02080847004485
1933,15,1,3,1,0,130.7087424308525
1934,4,3,2,0,0,200.19851193256022
1935,4,2,2,0,0,187.2326310891366
1936,10,0,2,2,0,27.02080847004485
1937,5,4,3,3,0,212.00749960243928
1938,6,1,7,0,0,27.02080847004485
1939,2,0,2,3,0,130.7087424308525
1940,8,0,5,1,0,103.06289000048194
1941,6,6,9,0,0,187.2326310891366
1942,14,4,8,3,0,212.00749960243928
1943,2,5,7,3,0,187.2326310891366
1944,5,0,2,3,0,156.15953479311986
1945,2,6,7,1,0,156.15953479311986
1946,1,3,2,1,0,222.8988288144251
1947,1,0,7,1,0,200.19851193256022
1948,3,0,5,2,0,233.04048883648673
1949,5,0,2,0,0,118.09813614437608
1950,13,1,2,2,0,222.8988288144251
1951,3,5,4,0,0,222.8988288144251
1952,0,1,0,1,1,53.32961628929493
1953,3,0,4,2,0,103.06289000048194
1954,13,4,5,0,0,270.14982462478054
1955,5,0,5,1,1,172.7492065931607
1956,11,3,2,3,0,172.7492065931607
1957,5,0,2,2,0,172.7492065931607
1958,9,1,7,1,0,156.15953479311986
1959,9,3,2,0,1,172.7492065931607
1960,2,0,4,0,0,53.32961628929493
1961,6,4,6,0,0,53.32961628929493
1962,3,0,2,1,0,187.2326310891366
1963,7,1,8,3,1,200.19851193256022
1964,7,2,4,0,0,27.02080847004485
1965,4,0,4,2,0,61.283233089426346
1966,4,5,7,1,0,200.19851193256022
1967,3,1,2,3,0,43.10818354904701
1968,1,1,3,0,0,27.02080847004485
1969,7,4,9,1,0,249.33775301859075
1970,3,6,5,3,0,249.33775301859075
1971,8,1,1,2,1,103.06289000048194
1972,3,3,2,0,0,187.2326310891366
1973,2,1,2,0,0,27.02080847004485
1974,2,0,4,3,0,130.7087424308525
1975,3,2,2,0,0,200.19851193256022
1976,1,0,3,3,1,156.15953479311986
1977,9,4,2,0,1,27.02080847004485
1978,9,0,5,2,0,118.09813614437608
1979,5,0,9,2,0,141.71828898488442
1980,5,0,0,0,0,200.19851193256022
1981,15,4,3,0,0,156.15953479311986
1982,4,6,4,0,0,212.00749960243928
1983,4,1,8,0,0,77.73682636782002
1984,3,2,4,2,0,233.04048883648673
1985,15,4,4,0,1,130.7087424308525
1986,4,4,5,0,0,172.7492065931607
1987,2,4,7,0,0,249.33775301859075
1988,6,3,2,1,0,156.15953479311986
1989,4,1,3,0,0,53.32961628929493
1990,0,0,1,1,0,89.16583905874286
1991,13,3,4,1,0,249.33775301859075
1992,1,0,5,1,0,172.7492065931607
1993,0,0,1,1,0,27.02080847004485
1994,18,0,0,3,0,27.02080847004485
1995,1,1,3,3,0,172.7492065931607
1996,1,5,4,0,0,249.33775301859075
1997,2,5,5,0,1,156.15953479311986
1998,6,1,1,0,0,118.09813614437608
1999,4,5,3,1,0,187.2326310891366
2000,3,3,2,1,0,222.8988288144251
2001,5,0,3,0,0,156.15953479311986
2002,6,5,6,2,0,156.15953479311986
2003,6,0,3,0,0,118.09813614437608
2004,4,5,6,0,0,200.19851193256022
2005,1,2,2,3,0,187.2326310891366
2006,5,1,6,2,0,130.7087424308525
2007,8,1,3,0,0,172.7492065931607
2008,11,5,8,0,0,172.7492065931607
2009,1,1,1,1,0,103.06289000048194
2010,2,0,2,0,0,61.283233089426346
2011,2,2,8,2,2,212.00749960243928
2012,18,4,3,0,1,187.2326310891366
2013,5,0,7,3,0,200.19851193256022
2014,7,0,8,2,0,212.00749960243928
2015,10,5,6,0,0,141.71828898488442
2016,9,0,2,2,0,43.10818354904701
2017,1,0,3,3,0,172.7492065931607
2018,0,1,3,0,1,89.16583905874286
2019,3,1,2,1,0,200.19851193256022
2020,1,0,4,2,0,172.7492065931607
2021,3,5,4,0,0,212.00749960243928
2022,2,1,2,0,1,27.02080847004485
2023,4,0,2,1,1,27.02080847004485
2024,1,3,3,2,0,212.00749960243928
2025,11,4,7,1,0,67.95421998648453
2026,1,4,6,0,0,270.14982462478054
2027,3,5,3,2,1,233.04048883648673
2028,6,5,4,0,0,156.15953479311986
2029,8,0,1,2,0,43.10818354904701
2030,2,3,7,3,0,172.7492065931607
2031,17,5,4,0,0,249.33775301859075
2032,16,4,3,1,0,172.7492065931607
2033,10,0,6,3,0,103.06289000048194
2034,0,0,0,2,0,27.02080847004485
2035,8,4,3,0,0,141.71828898488442
2036,2,2,7,2,0,27.02080847004485
2037,12,0,3,2,0,200.19851193256022
2038,7,5,3,0,0,172.7492065931607
2039,4,0,6,2,0,187.2326310891366
2040,3,2,6,3,0,270.14982462478054
2041,2,0,6,2,0,172.7492065931607
2042,0,5,4,0,0,156.15953479311986
2043,10,2,3,0,1,118.09813614437608
2044,5,3,5,2,0,222.8988288144251
2045,0,0,2,1,0,141.71828898488442
2046,3,0,5,3,0,187.2326310891366
2047,1,3,1,1,0,103.06289000048194
2048,1,5,3,2,1,212.00749960243928
2049,13,4,3,1,0,270.14982462478054
2050,8,0,4,0,1,27.02080847004485
2051,0,7,9,1,0,172.7492065931607
2052,0,2,1,2,0,130.7087424308525
2053,7,3,3,0,0,249.33775301859075
2054,1,0,4,0,1,27.02080847004485
2055,1,5,4,0,0,233.04048883648673
2056,0,3,3,2,1,156.15953479311986
2057,1,3,5,1,0,27.02080847004485
2058,1,1,7,0,1,222.8988288144251
2059,6,5,6,1,0,141.71828898488442
2060,4,1,2,0,0,172.7492065931607
2061,5,2,2,1,0,27.02080847004485
2062,2,5,3,0,0,249.33775301859075
2063,13,0,4,1,1,212.00749960243928
2064,1,2,6,0,0,187.2326310891366
2065,2,2,3,2,0,222.8988288144251
2066,7,0,5,2,1,187.2326310891366
2067,4,0,9,2,0,27.02080847004485
2068,0,4,1,1,0,187.2326310891366
2069,2,3,5,2,0,187.2326310891366
2070,6,3,2,2,1,172.7492065931607
2071,4,1,1,1,0,43.10818354904701
2072,1,4,2,0,0,200.19851193256022
2073,19,0,6,2,0,27.02080847004485
2074,4,1,1,0,0,130.7087424308525
2075,0,0,2,3,0,67.95421998648453
2076,1,5,3,0,0,212.00749960243928
2077,1,1,5,1,0,233.04048883648673
2078,9,5,2,0,0,118.09813614437608
2079,2,5,6,0,0,187.2326310891366
2080,0,2,1,0,0,27.02080847004485
2081,10,3,6,2,0,187.2326310891366
2082,4,2,9,3,0,187.2326310891366
2083,5,2,7,0,1,200.19851193256022
2084,0,1,0,1,0,67.95421998648453
2085,1,5,5,0,2,249.33775301859075
2086,6,0,2,0,0,27.02080847004485
2087,3,0,3,0,0,222.8988288144251
2088,6,0,6,2,0,43.10818354904701
2089,7,0,2,3,0,27.02080847004485
2090,9,3,6,1,0,233.04048883648673
2091,15,0,1,0,0,43.10818354904701
2092,9,0,7,2,0,172.7492065931607
2093,14,3,3,1,0,233.04048883648673
2094,0,1,2,1,0,43.10818354904701
2095,10,2,1,1,0,103.06289000048194
2096,0,0,3,3,1,27.02080847004485
2097,5,2,5,0,0,141.71828898488442
2098,4,4,2,0,0,77.73682636782002
2099,8,0,3,2,0,27.02080847004485
2100,0,0,3,0,1,27.02080847004485
2101,0,0,5,2,1,200.19851193256022
2102,2,4,5,1,0,187.2326310891366
2103,0,2,1,1,0,118.09813614437608
2104,3,3,4,0,0,200.19851193256022
2105,4,6,5,2,1,172.7492065931607
2106,3,1,4,0,0,270.14982462478054
2107,0,0,2,2,0,103.06289000048194
2108,2,2,4,2,0,118.09813614437608
2109,6,5,2,0,1,141.71828898488442
2110,9,2,1,1,0,141.71828898488442
2111,0,2,0,0,0,43.10818354904701
2112,0,7,8,2,0,89.16583905874286
2113,0,0,1,2,0,89.16583905874286
2114,2,3,3,0,0,172.7492065931607
2115,0,1,3,1,0,130.7087424308525
2116,1,1,9,3,1,89.16583905874286
2117,3,0,1,3,0,61.283233089426346
2118,5,0,6,3,0,172.7492065931607
2119,0,0,0,1,0,200.19851193256022
2120,1,1,7,3,0,27.02080847004485
2121,0,1,7,2,0,27.02080847004485
2122,10,2,6,0,0,212.00749960243928
2123,3,0,5,1,0,53.32961628929493
2124,8,1,5,3,0,89.16583905874286
2125,4,1,4,1,0,212.00749960243928
2126,11,2,2,0,0,118.09813614437608
2127,0,1,7,1,0,67.95421998648453
2128,1,3,3,0,1,187.2326310891366
2129,5,5,9,0,1,187.2326310891366
2130,17,0,1,1,1,27.02080847004485
2131,7,2,5,1,1,27.02080847004485
2132,9,6,7,2,0,233.04048883648673
2133,0,3,2,2,1,53.32961628929493
2134,7,0,8,2,0,233.04048883648673
2135,3,6,5,0,0,212.00749960243928
2136,16,0,5,2,0,172.7492065931607
2137,18,5,5,0,0,187.2326310891366
2138,4,0,4,2,1,141.71828898488442
2139,10,3,7,2,0,141.71828898488442
2140,4,3,5,0,0,43.10818354904701
2141,4,0,2,0,1,53.32961628929493
2142,5,2,1,1,0,27.02080847004485
2143,9,4,5,0,0,187.2326310891366
2144,17,3,2,1,0,233.04048883648673
2145,0,5,3,0,0,200.19851193256022
2146,2,3,3,1,0,156.15953479311986
2147,2,2,5,1,1,156.15953479311986
2148,5,0,2,1,0,141.71828898488442
2149,5,4,4,0,2,118.09813614437608
2150,1,2,3,3,0,249.33775301859075
2151,0,3,8,0,0,53.32961628929493
2152,6,0,5,3,0,200.19851193256022
2153,3,5,3,0,0,270.14982462478054
2154,11,4,3,0,2,27.02080847004485
2155,1,2,5,2,0,130.7087424308525
2156,3,4,7,2,0,222.8988288144251
2157,19,2,6,1,0,53.32961628929493
2158,17,0,3,0,0,200.19851193256022
2159,1,1,3,0,0,200.19851193256022
2160,10,1,2,1,0,103.06289000048194
2161,4,2,7,0,0,187.2326310891366
2162,2,0,1,1,0,172.7492065931607
2163,1,0,2,0,0,212.00749960243928
2164,2,6,6,0,0,200.19851193256022
2165,12,0,4,2,0,187.2326310891366
2166,7,2,7,1,0,249.33775301859075
2167,10,3,4,1,0,212.00749960243928
2168,17,1,3,0,1,222.8988288144251
2169,8,3,5,1,0,172.7492065931607
2170,8,5,6,2,0,130.7087424308525
2171,14,3,2,0,0,141.71828898488442
2172,4,0,2,0,0,118.09813614437608
2173,8,1,0,1,0,172.7492065931607
2174,15,0,6,0,0,27.02080847004485
2175,4,0,0,0,0,27.02080847004485
2176,4,1,3,0,0,156.15953479311986
2177,4,0,2,1,0,118.09813614437608
2178,0,0,3,1,0,53.32961628929493
2179,4,2,2,2,0,172.7492065931607
2180,4,3,3,0,0,61.283233089426346
2181,7,1,2,0,1,212.00749960243928
2182,0,1,2,1,0,43.10818354904701
2183,3,2,3,0,0,27.02080847004485
2184,5,3,3,2,0,156.15953479311986
2185,10,0,4,1,0,130.7087424308525
2186,3,5,6,0,0,249.33775301859075
2187,3,6,4,1,0,249.33775301859075
2188,3,4,3,0,0,130.7087424308525
2189,4,2,1,0,1,43.10818354904701
2190,0,0,1,0,0,77.73682636782002
2191,18,6,5,0,1,53.32961628929493
2192,8,1,9,0,0,27.02080847004485
2193,1,1,1,0,0,172.7492065931607
2194,0,1,3,3,0,187.2326310891366
2195,3,7,7,0,0,270.14982462478054
2196,1,5,3,0,0,270.14982462478054
2197,3,5,4,0,0,249.33775301859075
2198,4,2,3,2,0,187.2326310891366
2199,12,2,3,0,0,172.7492065931607
2200,12,6,9,2,0,200.19851193256022
2201,9,5,3,1,0,212.00749960243928
2202,3,1,2,0,0,200.19851193256022
2203,5,1,4,2,0,200.19851193256022
